region;period;sector;value;unit;value_pCap;unit_pCap
CAZ;1990;trn_aviation_intl;58.3372230550629;billion pkm/yr;1213.02398255838;pkm/yr pCap
CAZ;1990;trn_freight;1138.99880184251;billion tkm/yr;23683.5555479927;tkm/yr pCap
CAZ;1990;trn_pass;986.511631627417;billion pkm/yr;20512.8424969313;pkm/yr pCap
CAZ;1990;trn_shipping_intl;595.800880168141;billion tkm/yr;12388.6725940176;tkm/yr pCap
CAZ;2005;trn_aviation_intl;89.6686363043715;billion pkm/yr;1585.35474685134;pkm/yr pCap
CAZ;2005;trn_freight;1429.55003128359;billion tkm/yr;25274.6559038105;tkm/yr pCap
CAZ;2005;trn_pass;1271.33741194054;billion pkm/yr;22477.4334030033;pkm/yr pCap
CAZ;2005;trn_shipping_intl;702.568497976371;billion tkm/yr;12421.5149149174;tkm/yr pCap
CAZ;2010;trn_aviation_intl;116.72518486528;billion pkm/yr;1932.74762353603;pkm/yr pCap
CAZ;2010;trn_freight;1605.94085287689;billion tkm/yr;26591.3339140959;tkm/yr pCap
CAZ;2010;trn_pass;1443.6259737406;billion pkm/yr;23903.7074410492;pkm/yr pCap
CAZ;2010;trn_shipping_intl;576.502879797234;billion tkm/yr;9545.79401331248;tkm/yr pCap
CAZ;2015;trn_aviation_intl;126.854866236865;billion pkm/yr;1977.9572216442;pkm/yr pCap
CAZ;2015;trn_freight;1705.395378858;billion tkm/yr;26591.0106993635;tkm/yr pCap
CAZ;2015;trn_pass;1595.41229601509;billion pkm/yr;24876.1231320105;pkm/yr pCap
CAZ;2015;trn_shipping_intl;584.679754219244;billion tkm/yr;9116.49333221262;tkm/yr pCap
CAZ;2020;trn_aviation_intl;110.558552113072;billion pkm/yr;1608.06543976918;pkm/yr pCap
CAZ;2020;trn_freight;1685.53290109714;billion tkm/yr;24515.9433987172;tkm/yr pCap
CAZ;2020;trn_pass;1647.17472524913;billion pkm/yr;23958.0267497121;pkm/yr pCap
CAZ;2020;trn_shipping_intl;480.245597472106;billion tkm/yr;6985.13442095707;tkm/yr pCap
CAZ;2025;trn_aviation_intl;119.945388235008;billion pkm/yr;1669.01111106348;pkm/yr pCap
CAZ;2025;trn_freight;1738.04408691984;billion tkm/yr;24184.4637403137;tkm/yr pCap
CAZ;2025;trn_pass;1747.57185260733;billion pkm/yr;24317.0402989461;pkm/yr pCap
CAZ;2025;trn_shipping_intl;503.080795304224;billion tkm/yr;7000.24777509819;tkm/yr pCap
CAZ;2030;trn_aviation_intl;134.303785158942;billion pkm/yr;1801.53928059157;pkm/yr pCap
CAZ;2030;trn_freight;1795.00879193009;billion tkm/yr;24078.0916475457;tkm/yr pCap
CAZ;2030;trn_pass;1850.38067755883;billion pkm/yr;24820.8453002632;pkm/yr pCap
CAZ;2030;trn_shipping_intl;542.550288821237;billion tkm/yr;7277.72233560675;tkm/yr pCap
CAZ;2035;trn_aviation_intl;153.819453760404;billion pkm/yr;2013.73150720034;pkm/yr pCap
CAZ;2035;trn_freight;1850.47382317131;billion tkm/yr;24225.5277201405;tkm/yr pCap
CAZ;2035;trn_pass;1953.47177736857;billion pkm/yr;25573.9282018331;pkm/yr pCap
CAZ;2035;trn_shipping_intl;594.478719311845;billion tkm/yr;7782.63410883684;tkm/yr pCap
CAZ;2040;trn_aviation_intl;172.986511297024;billion pkm/yr;2215.19601118645;pkm/yr pCap
CAZ;2040;trn_freight;1883.98887367844;billion tkm/yr;24125.607290422;tkm/yr pCap
CAZ;2040;trn_pass;2047.63444097133;billion pkm/yr;26221.1869121944;pkm/yr pCap
CAZ;2040;trn_shipping_intl;645.171884703456;billion tkm/yr;8261.81287089363;tkm/yr pCap
CAZ;2045;trn_aviation_intl;190.637892355506;billion pkm/yr;2390.72032405257;pkm/yr pCap
CAZ;2045;trn_freight;1894.70779591471;billion tkm/yr;23760.8398826977;tkm/yr pCap
CAZ;2045;trn_pass;2131.19175729718;billion pkm/yr;26726.4990483752;pkm/yr pCap
CAZ;2045;trn_shipping_intl;692.172891089538;billion tkm/yr;8680.2879429662;tkm/yr pCap
CAZ;2050;trn_aviation_intl;206.020000160081;billion pkm/yr;2530.25137446372;pkm/yr pCap
CAZ;2050;trn_freight;1884.85676367534;billion tkm/yr;23149.021518547;tkm/yr pCap
CAZ;2050;trn_pass;2204.86888644946;billion pkm/yr;27079.2764106211;pkm/yr pCap
CAZ;2050;trn_shipping_intl;733.63829157776;billion tkm/yr;9010.23829813355;tkm/yr pCap
CAZ;2055;trn_aviation_intl;220.084152498546;billion pkm/yr;2654.00173913408;pkm/yr pCap
CAZ;2055;trn_freight;1874.07408261696;billion tkm/yr;22599.5184935653;tkm/yr pCap
CAZ;2055;trn_pass;2271.14124146182;billion pkm/yr;27387.7638904447;pkm/yr pCap
CAZ;2055;trn_shipping_intl;771.072400270265;billion tkm/yr;9298.38640394199;tkm/yr pCap
CAZ;2060;trn_aviation_intl;233.091275894376;billion pkm/yr;2764.28216529134;pkm/yr pCap
CAZ;2060;trn_freight;1862.34259283555;billion tkm/yr;22085.9420640459;tkm/yr pCap
CAZ;2060;trn_pass;2332.44821890255;billion pkm/yr;27661.0310198804;pkm/yr pCap
CAZ;2060;trn_shipping_intl;805.292958490669;billion tkm/yr;9550.1513492902;tkm/yr pCap
CAZ;2070;trn_aviation_intl;254.589526883457;billion pkm/yr;2937.64274432089;pkm/yr pCap
CAZ;2070;trn_freight;1834.97110845397;billion tkm/yr;21173.2573164954;tkm/yr pCap
CAZ;2070;trn_pass;2435.33429529912;billion pkm/yr;28100.6929474213;pkm/yr pCap
CAZ;2070;trn_shipping_intl;862.173051920098;billion tkm/yr;9948.3919913229;tkm/yr pCap
CAZ;2080;trn_aviation_intl;269.527185140937;billion pkm/yr;3054.66809761838;pkm/yr pCap
CAZ;2080;trn_freight;1807.65330246476;billion tkm/yr;20486.9162704543;tkm/yr pCap
CAZ;2080;trn_pass;2507.05158614447;billion pkm/yr;28413.4993480326;pkm/yr pCap
CAZ;2080;trn_shipping_intl;903.903497813523;billion tkm/yr;10244.3290707497;tkm/yr pCap
CAZ;2090;trn_aviation_intl;276.621005596928;billion pkm/yr;3123.80879233681;pkm/yr pCap
CAZ;2090;trn_freight;1782.29226909412;billion tkm/yr;20126.9612504509;tkm/yr pCap
CAZ;2090;trn_pass;2534.67821858899;billion pkm/yr;28623.4593352255;pkm/yr pCap
CAZ;2090;trn_shipping_intl;931.850847101766;billion tkm/yr;10523.1483163812;tkm/yr pCap
CAZ;2100;trn_aviation_intl;276.766286524447;billion pkm/yr;3152.45255670995;pkm/yr pCap
CAZ;2100;trn_freight;1759.3650791483;billion tkm/yr;20039.7057444977;tkm/yr pCap
CAZ;2100;trn_pass;2524.05013273589;billion pkm/yr;28749.7021191722;pkm/yr pCap
CAZ;2100;trn_shipping_intl;949.286713179328;billion tkm/yr;10812.6656739625;tkm/yr pCap
CAZ;2110;trn_aviation_intl;276.202010765711;billion pkm/yr;3171.02461843072;pkm/yr pCap
CAZ;2110;trn_freight;1744.81908914849;billion tkm/yr;20031.9478886451;tkm/yr pCap
CAZ;2110;trn_pass;2511.32731752822;billion pkm/yr;28832.088248534;pkm/yr pCap
CAZ;2110;trn_shipping_intl;960.61294992047;billion tkm/yr;11028.6210608548;tkm/yr pCap
CAZ;2130;trn_aviation_intl;275.285070722105;billion pkm/yr;3193.60030398429;pkm/yr pCap
CAZ;2130;trn_freight;1727.42358541172;billion tkm/yr;20039.9552108277;tkm/yr pCap
CAZ;2130;trn_pass;2493.92473854171;billion pkm/yr;28932.1857601238;pkm/yr pCap
CAZ;2130;trn_shipping_intl;974.436307428802;billion tkm/yr;11304.5000204876;tkm/yr pCap
CAZ;2150;trn_aviation_intl;274.327246864418;billion pkm/yr;3212.08987921936;pkm/yr pCap
CAZ;2150;trn_freight;1713.40590075378;billion tkm/yr;20062.2206350725;tkm/yr pCap
CAZ;2150;trn_pass;2477.94200924675;billion pkm/yr;29014.1520398366;pkm/yr pCap
CAZ;2150;trn_shipping_intl;985.802324529878;billion tkm/yr;11542.7311932246;tkm/yr pCap
CHA;1990;trn_aviation_intl;48.3543;billion pkm/yr;41.6192305218715;pkm/yr pCap
CHA;1990;trn_freight;1068.6414786795;billion tkm/yr;919.794848573875;tkm/yr pCap
CHA;1990;trn_pass;2197.07739450003;billion pkm/yr;1891.05561565548;pkm/yr pCap
CHA;1990;trn_shipping_intl;2419.014;billion tkm/yr;2082.07959378244;tkm/yr pCap
CHA;2005;trn_aviation_intl;169.9117;billion pkm/yr;127.387457716546;pkm/yr pCap
CHA;2005;trn_freight;4937.2143265141;billion tkm/yr;3701.56487903034;tkm/yr pCap
CHA;2005;trn_pass;5611.74195878758;billion pkm/yr;4207.27672956729;pkm/yr pCap
CHA;2005;trn_shipping_intl;7091.944;billion tkm/yr;5317.02476302757;tkm/yr pCap
CHA;2010;trn_aviation_intl;221.7764;billion pkm/yr;162.073465621062;pkm/yr pCap
CHA;2010;trn_freight;6825.34909824865;billion tkm/yr;4987.94273162856;tkm/yr pCap
CHA;2010;trn_pass;8741.60154476198;billion pkm/yr;6388.33373360737;pkm/yr pCap
CHA;2010;trn_shipping_intl;12733.77;billion tkm/yr;9305.79734508048;tkm/yr pCap
CHA;2015;trn_aviation_intl;330.270063988148;billion pkm/yr;234.021862553233;pkm/yr pCap
CHA;2015;trn_freight;8070.07908596641;billion tkm/yr;5718.27466239121;tkm/yr pCap
CHA;2015;trn_pass;11731.1154769569;billion pkm/yr;8312.40185862873;pkm/yr pCap
CHA;2015;trn_shipping_intl;13144.6695377692;billion tkm/yr;9314.01414566564;tkm/yr pCap
CHA;2020;trn_aviation_intl;454.645939799264;billion pkm/yr;315.05275826901;pkm/yr pCap
CHA;2020;trn_freight;7848.22115468926;billion tkm/yr;5438.52590739457;tkm/yr pCap
CHA;2020;trn_pass;12299.3331316988;billion pkm/yr;8522.98126696571;pkm/yr pCap
CHA;2020;trn_shipping_intl;12785.6886972745;billion tkm/yr;8860.00761872804;tkm/yr pCap
CHA;2025;trn_aviation_intl;700.338936482514;billion pkm/yr;485.387003504039;pkm/yr pCap
CHA;2025;trn_freight;9318.84960132705;billion tkm/yr;6458.65629977847;tkm/yr pCap
CHA;2025;trn_pass;14944.5011163631;billion pkm/yr;10357.6514711108;pkm/yr pCap
CHA;2025;trn_shipping_intl;13803.2313780754;billion tkm/yr;9566.66660706824;tkm/yr pCap
CHA;2030;trn_aviation_intl;1020.39680297017;billion pkm/yr;711.502647085843;pkm/yr pCap
CHA;2030;trn_freight;10626.6115210548;billion tkm/yr;7409.72747540495;tkm/yr pCap
CHA;2030;trn_pass;16874.3699574223;billion pkm/yr;11766.1667085435;pkm/yr pCap
CHA;2030;trn_shipping_intl;14836.0116800661;billion tkm/yr;10344.8595211565;tkm/yr pCap
CHA;2035;trn_aviation_intl;1328.13627270749;billion pkm/yr;937.716519105092;pkm/yr pCap
CHA;2035;trn_freight;11717.9928368998;billion tkm/yr;8273.36447299644;tkm/yr pCap
CHA;2035;trn_pass;18753.0626506311;billion pkm/yr;13240.4008479199;pkm/yr pCap
CHA;2035;trn_shipping_intl;15504.613286291;billion tkm/yr;10946.8676518056;tkm/yr pCap
CHA;2040;trn_aviation_intl;1541.64618730863;billion pkm/yr;1106.95773861816;pkm/yr pCap
CHA;2040;trn_freight;12478.9174624168;billion tkm/yr;8960.31422016167;tkm/yr pCap
CHA;2040;trn_pass;20279.7108529682;billion pkm/yr;14561.5661041022;pkm/yr pCap
CHA;2040;trn_shipping_intl;15813.530362713;billion tkm/yr;11354.6869275096;tkm/yr pCap
CHA;2045;trn_aviation_intl;1684.49543137157;billion pkm/yr;1237.02595090908;pkm/yr pCap
CHA;2045;trn_freight;13094.9187858981;billion tkm/yr;9616.38367283265;tkm/yr pCap
CHA;2045;trn_pass;21726.8805358262;billion pkm/yr;15955.3505189589;pkm/yr pCap
CHA;2045;trn_shipping_intl;15920.5383848981;billion tkm/yr;11691.4054902051;tkm/yr pCap
CHA;2050;trn_aviation_intl;1738.62416418237;billion pkm/yr;1315.25486494135;pkm/yr pCap
CHA;2050;trn_freight;13620.1235091466;billion tkm/yr;10303.511291028;tkm/yr pCap
CHA;2050;trn_pass;22941.6763519936;billion pkm/yr;17355.189266025;pkm/yr pCap
CHA;2050;trn_shipping_intl;15872.071575386;billion tkm/yr;12007.0914613344;tkm/yr pCap
CHA;2055;trn_aviation_intl;1730.12596711963;billion pkm/yr;1359.19902380491;pkm/yr pCap
CHA;2055;trn_freight;13847.532781292;billion tkm/yr;10878.7183107675;tkm/yr pCap
CHA;2055;trn_pass;23485.1339375964;billion pkm/yr;18450.0849814142;pkm/yr pCap
CHA;2055;trn_shipping_intl;15622.2341190618;billion tkm/yr;12272.9360565758;tkm/yr pCap
CHA;2060;trn_aviation_intl;1677.77124414691;billion pkm/yr;1377.50450759933;pkm/yr pCap
CHA;2060;trn_freight;13890.0700535748;billion tkm/yr;11404.1971910172;tkm/yr pCap
CHA;2060;trn_pass;23573.4473112414;billion pkm/yr;19354.5634091502;pkm/yr pCap
CHA;2060;trn_shipping_intl;15220.2007444442;billion tkm/yr;12496.2775498628;tkm/yr pCap
CHA;2070;trn_aviation_intl;1542.7264017564;billion pkm/yr;1395.67296017788;pkm/yr pCap
CHA;2070;trn_freight;13688.3529013151;billion tkm/yr;12383.5723508636;tkm/yr pCap
CHA;2070;trn_pass;23238.2023624146;billion pkm/yr;21023.1254507854;pkm/yr pCap
CHA;2070;trn_shipping_intl;14139.3391137515;billion tkm/yr;12791.5703350777;tkm/yr pCap
CHA;2080;trn_aviation_intl;1395.72515141353;billion pkm/yr;1396.63931673324;pkm/yr pCap
CHA;2080;trn_freight;13437.6200441978;billion tkm/yr;13446.421351684;tkm/yr pCap
CHA;2080;trn_pass;22311.2941928587;billion pkm/yr;22325.9075365877;pkm/yr pCap
CHA;2080;trn_shipping_intl;13350.0947229775;billion tkm/yr;13358.8387035514;tkm/yr pCap
CHA;2090;trn_aviation_intl;1245.83427193781;billion pkm/yr;1385.30673724053;pkm/yr pCap
CHA;2090;trn_freight;13224.4173221202;billion tkm/yr;14704.9048377182;tkm/yr pCap
CHA;2090;trn_pass;21065.8288267628;billion pkm/yr;23424.1706594558;pkm/yr pCap
CHA;2090;trn_shipping_intl;12810.0988447113;billion tkm/yr;14244.2029682592;tkm/yr pCap
CHA;2100;trn_aviation_intl;1107.28927021286;billion pkm/yr;1364.50664595921;pkm/yr pCap
CHA;2100;trn_freight;13059.5628908517;billion tkm/yr;16093.2295085492;tkm/yr pCap
CHA;2100;trn_pass;19757.2837455244;billion pkm/yr;24346.7950987076;pkm/yr pCap
CHA;2100;trn_shipping_intl;12440.0557504168;billion tkm/yr;15329.8141724824;tkm/yr pCap
CHA;2110;trn_aviation_intl;1011.84351373159;billion pkm/yr;1350.18916527029;pkm/yr pCap
CHA;2110;trn_freight;13085.0309808668;billion tkm/yr;17460.4736975949;tkm/yr pCap
CHA;2110;trn_pass;18682.8476955455;billion pkm/yr;24930.1183360771;pkm/yr pCap
CHA;2110;trn_shipping_intl;12496.8393371719;billion tkm/yr;16675.5993828992;tkm/yr pCap
CHA;2130;trn_aviation_intl;890.210596187467;billion pkm/yr;1331.80773291534;pkm/yr pCap
CHA;2130;trn_freight;13324.5224808195;billion tkm/yr;19934.2741519364;tkm/yr pCap
CHA;2130;trn_pass;17094.5389813445;billion pkm/yr;25574.4419393352;pkm/yr pCap
CHA;2130;trn_shipping_intl;13037.6751212399;billion tkm/yr;19505.1335269083;tkm/yr pCap
CHA;2150;trn_aviation_intl;785.511601582661;billion pkm/yr;1315.39791868133;pkm/yr pCap
CHA;2150;trn_freight;13749.3663209443;billion tkm/yr;23024.3421043273;tkm/yr pCap
CHA;2150;trn_pass;15536.7896336724;billion pkm/yr;26017.5161079039;pkm/yr pCap
CHA;2150;trn_shipping_intl;14027.8174402521;billion tkm/yr;23490.6293266344;tkm/yr pCap
DEU;1990;trn_aviation_intl;99.6704534365636;billion pkm/yr;1254.7734197139;pkm/yr pCap
DEU;1990;trn_freight;571.506258275774;billion tkm/yr;7194.81889927393;tkm/yr pCap
DEU;1990;trn_pass;1111.36571014941;billion pkm/yr;13991.2291415881;pkm/yr pCap
DEU;1990;trn_shipping_intl;986.355396495329;billion tkm/yr;12417.4466076993;tkm/yr pCap
DEU;2005;trn_aviation_intl;166.332684861112;billion pkm/yr;2016.90130508144;pkm/yr pCap
DEU;2005;trn_freight;538.892181357732;billion tkm/yr;6534.44838449009;tkm/yr pCap
DEU;2005;trn_pass;1119.06308214099;billion pkm/yr;13569.4304022282;pkm/yr pCap
DEU;2005;trn_shipping_intl;981.672169561807;billion tkm/yr;11903.4685311825;tkm/yr pCap
DEU;2010;trn_aviation_intl;187.583203672452;billion pkm/yr;2293.84012914708;pkm/yr pCap
DEU;2010;trn_freight;545.961940510416;billion tkm/yr;6676.23424491989;tkm/yr pCap
DEU;2010;trn_pass;1128.27562856427;billion pkm/yr;13796.9917501705;pkm/yr pCap
DEU;2010;trn_shipping_intl;1099.03372697438;billion tkm/yr;13439.4104422162;tkm/yr pCap
DEU;2015;trn_aviation_intl;192.204763040822;billion pkm/yr;2352.95308114597;pkm/yr pCap
DEU;2015;trn_freight;572.163967040296;billion tkm/yr;7004.37880866787;tkm/yr pCap
DEU;2015;trn_pass;1165.92006907294;billion pkm/yr;14273.0865535962;pkm/yr pCap
DEU;2015;trn_shipping_intl;1108.2721029987;billion tkm/yr;13567.3654400805;tkm/yr pCap
DEU;2020;trn_aviation_intl;172.303305675274;billion pkm/yr;2071.92762176907;pkm/yr pCap
DEU;2020;trn_freight;573.584232289372;billion tkm/yr;6897.28504995302;tkm/yr pCap
DEU;2020;trn_pass;1153.8289769882;billion pkm/yr;13874.6620028571;pkm/yr pCap
DEU;2020;trn_shipping_intl;958.810455126121;billion tkm/yr;11529.5864941833;tkm/yr pCap
DEU;2025;trn_aviation_intl;175.60975764065;billion pkm/yr;2102.44755403936;pkm/yr pCap
DEU;2025;trn_freight;584.711568947809;billion tkm/yr;7000.32517821934;tkm/yr pCap
DEU;2025;trn_pass;1164.33012414084;billion pkm/yr;13939.6754171455;pkm/yr pCap
DEU;2025;trn_shipping_intl;963.002548733867;billion tkm/yr;11529.3271872868;tkm/yr pCap
DEU;2030;trn_aviation_intl;186.860957535039;billion pkm/yr;2249.86752097173;pkm/yr pCap
DEU;2030;trn_freight;619.524698612775;billion tkm/yr;7459.28157618114;tkm/yr pCap
DEU;2030;trn_pass;1170.5767020282;billion pkm/yr;14094.1293325312;pkm/yr pCap
DEU;2030;trn_shipping_intl;973.881005816578;billion tkm/yr;11725.848316212;tkm/yr pCap
DEU;2035;trn_aviation_intl;197.816348330724;billion pkm/yr;2398.87939455272;pkm/yr pCap
DEU;2035;trn_freight;653.839144429527;billion tkm/yr;7928.97687253668;tkm/yr pCap
DEU;2035;trn_pass;1175.38966146795;billion pkm/yr;14253.715950472;pkm/yr pCap
DEU;2035;trn_shipping_intl;984.856807299435;billion tkm/yr;11943.162036667;tkm/yr pCap
DEU;2040;trn_aviation_intl;209.01830612102;billion pkm/yr;2551.258031176;pkm/yr pCap
DEU;2040;trn_freight;689.510696535536;billion tkm/yr;8416.10352109315;tkm/yr pCap
DEU;2040;trn_pass;1181.59275085099;billion pkm/yr;14422.4113721529;pkm/yr pCap
DEU;2040;trn_shipping_intl;996.621943904978;billion tkm/yr;12164.6748824079;tkm/yr pCap
DEU;2045;trn_aviation_intl;219.872683298032;billion pkm/yr;2699.09305608086;pkm/yr pCap
DEU;2045;trn_freight;724.649780994807;billion tkm/yr;8895.58976875007;tkm/yr pCap
DEU;2045;trn_pass;1188.78743528076;billion pkm/yr;14593.2085040925;pkm/yr pCap
DEU;2045;trn_shipping_intl;1008.66774121648;billion tkm/yr;12382.1115719041;tkm/yr pCap
DEU;2050;trn_aviation_intl;229.176901956234;billion pkm/yr;2829.46862394609;pkm/yr pCap
DEU;2050;trn_freight;755.480311058065;billion tkm/yr;9327.32669785391;tkm/yr pCap
DEU;2050;trn_pass;1194.88127171739;billion pkm/yr;14752.2679589709;pkm/yr pCap
DEU;2050;trn_shipping_intl;1019.78187539671;billion tkm/yr;12590.4521575867;tkm/yr pCap
DEU;2055;trn_aviation_intl;236.936821546063;billion pkm/yr;2944.26113842531;pkm/yr pCap
DEU;2055;trn_freight;783.174579347256;billion tkm/yr;9732.00561874859;tkm/yr pCap
DEU;2055;trn_pass;1199.79009557457;billion pkm/yr;14909.0180648897;pkm/yr pCap
DEU;2055;trn_shipping_intl;1029.96341389547;billion tkm/yr;12798.6913715847;tkm/yr pCap
DEU;2060;trn_aviation_intl;243.488462735296;billion pkm/yr;3046.82309061358;pkm/yr pCap
DEU;2060;trn_freight;808.799993245967;billion tkm/yr;10120.6869000151;tkm/yr pCap
DEU;2060;trn_pass;1204.16224999894;billion pkm/yr;15067.9391825251;pkm/yr pCap
DEU;2060;trn_shipping_intl;1039.63189943693;billion tkm/yr;13009.1357978898;tkm/yr pCap
DEU;2070;trn_aviation_intl;252.680865206983;billion pkm/yr;3207.68865626514;pkm/yr pCap
DEU;2070;trn_freight;854.4259660323;billion tkm/yr;10846.6166467141;tkm/yr pCap
DEU;2070;trn_pass;1213.73512773186;billion pkm/yr;15407.9114686695;pkm/yr pCap
DEU;2070;trn_shipping_intl;1058.26392843398;billion tkm/yr;13434.2630012431;tkm/yr pCap
DEU;2080;trn_aviation_intl;256.946399354866;billion pkm/yr;3313.58027733025;pkm/yr pCap
DEU;2080;trn_freight;890.153607592825;billion tkm/yr;11479.4192303131;tkm/yr pCap
DEU;2080;trn_pass;1220.50133002443;billion pkm/yr;15739.5828304208;pkm/yr pCap
DEU;2080;trn_shipping_intl;1074.24286179813;billion tkm/yr;13853.4339023797;tkm/yr pCap
DEU;2090;trn_aviation_intl;254.589479403799;billion pkm/yr;3364.03080165633;pkm/yr pCap
DEU;2090;trn_freight;910.941573483935;billion tkm/yr;12036.7719785027;tkm/yr pCap
DEU;2090;trn_pass;1213.37403954325;billion pkm/yr;16032.9784738653;pkm/yr pCap
DEU;2090;trn_shipping_intl;1084.72783820054;billion tkm/yr;14333.105467147;tkm/yr pCap
DEU;2100;trn_aviation_intl;247.898387943659;billion pkm/yr;3373.04153304008;pkm/yr pCap
DEU;2100;trn_freight;921.174187134361;billion tkm/yr;12534.0016050238;tkm/yr pCap
DEU;2100;trn_pass;1196.75973093643;billion pkm/yr;16283.7697776231;pkm/yr pCap
DEU;2100;trn_shipping_intl;1090.74591533346;billion tkm/yr;14841.2876135756;tkm/yr pCap
DEU;2110;trn_aviation_intl;242.754482429895;billion pkm/yr;3377.802417979;pkm/yr pCap
DEU;2110;trn_freight;926.822344967889;billion tkm/yr;12896.2510868305;tkm/yr pCap
DEU;2110;trn_pass;1182.28893972097;billion pkm/yr;16450.9359389177;pkm/yr pCap
DEU;2110;trn_shipping_intl;1094.05225194913;billion tkm/yr;15223.1683017279;tkm/yr pCap
DEU;2130;trn_aviation_intl;235.935865028164;billion pkm/yr;3382.78677034115;pkm/yr pCap
DEU;2130;trn_freight;933.119263002046;billion tkm/yr;13378.8201198534;tkm/yr pCap
DEU;2130;trn_pass;1162.06421403796;billion pkm/yr;16661.3729924665;pkm/yr pCap
DEU;2130;trn_shipping_intl;1097.72552276407;billion tkm/yr;15738.9016520606;tkm/yr pCap
DEU;2150;trn_aviation_intl;229.840699793259;billion pkm/yr;3386.01950000582;pkm/yr pCap
DEU;2150;trn_freight;937.678255084221;billion tkm/yr;13813.9017993876;tkm/yr pCap
DEU;2150;trn_pass;1143.06825527466;billion pkm/yr;16839.7129215107;pkm/yr pCap
DEU;2150;trn_shipping_intl;1100.37661200044;billion tkm/yr;16210.7784606262;tkm/yr pCap
ECE;1990;trn_aviation_intl;13.8110778955143;billion pkm/yr;223.938657717122;pkm/yr pCap
ECE;1990;trn_freight;367.62936378665;billion tkm/yr;5960.89797527826;tkm/yr pCap
ECE;1990;trn_pass;484.379451194896;billion pkm/yr;7853.93326624933;pkm/yr pCap
ECE;1990;trn_shipping_intl;448.359847231496;billion tkm/yr;7269.89617485868;tkm/yr pCap
ECE;2005;trn_aviation_intl;17.0941440819915;billion pkm/yr;281.776699402833;pkm/yr pCap
ECE;2005;trn_freight;335.897380368612;billion tkm/yr;5536.87009565082;tkm/yr pCap
ECE;2005;trn_pass;481.527027166768;billion pkm/yr;7937.40217337062;pkm/yr pCap
ECE;2005;trn_shipping_intl;332.595838704732;billion tkm/yr;5482.44809543093;tkm/yr pCap
ECE;2010;trn_aviation_intl;22.8328118034874;billion pkm/yr;377.808107234905;pkm/yr pCap
ECE;2010;trn_freight;446.737209027971;billion tkm/yr;7392.03479741738;tkm/yr pCap
ECE;2010;trn_pass;542.878360198609;billion pkm/yr;8982.85535266831;pkm/yr pCap
ECE;2010;trn_shipping_intl;324.533258758128;billion tkm/yr;5369.96044470774;tkm/yr pCap
ECE;2015;trn_aviation_intl;26.5979686658798;billion pkm/yr;442.163735992393;pkm/yr pCap
ECE;2015;trn_freight;492.259451513176;billion tkm/yr;8183.30455580422;tkm/yr pCap
ECE;2015;trn_pass;592.955402069317;billion pkm/yr;9857.27064909934;pkm/yr pCap
ECE;2015;trn_shipping_intl;336.409681432764;billion tkm/yr;5592.4632228452;tkm/yr pCap
ECE;2020;trn_aviation_intl;33.1013986801207;billion pkm/yr;550.949767806467;pkm/yr pCap
ECE;2020;trn_freight;571.445894343303;billion tkm/yr;9511.31962262007;tkm/yr pCap
ECE;2020;trn_pass;706.751819274468;billion pkm/yr;11763.392673794;pkm/yr pCap
ECE;2020;trn_shipping_intl;321.027085145815;billion tkm/yr;5343.27264324617;tkm/yr pCap
ECE;2025;trn_aviation_intl;46.403462615188;billion pkm/yr;822.821262994339;pkm/yr pCap
ECE;2025;trn_freight;594.902258048607;billion tkm/yr;10548.7435578897;tkm/yr pCap
ECE;2025;trn_pass;732.964704647086;billion pkm/yr;12996.8521747899;pkm/yr pCap
ECE;2025;trn_shipping_intl;329.285746385729;billion tkm/yr;5838.85982763835;tkm/yr pCap
ECE;2030;trn_aviation_intl;73.3538149044326;billion pkm/yr;1329.32422754535;pkm/yr pCap
ECE;2030;trn_freight;617.345757084459;billion tkm/yr;11187.5936205073;tkm/yr pCap
ECE;2030;trn_pass;777.410995669701;billion pkm/yr;14088.3098261525;pkm/yr pCap
ECE;2030;trn_shipping_intl;339.211198700423;billion tkm/yr;6147.21491001725;tkm/yr pCap
ECE;2035;trn_aviation_intl;96.099197187527;billion pkm/yr;1780.2290393277;pkm/yr pCap
ECE;2035;trn_freight;624.954825306549;billion tkm/yr;11577.2322853816;tkm/yr pCap
ECE;2035;trn_pass;801.53157723243;billion pkm/yr;14848.3008338025;pkm/yr pCap
ECE;2035;trn_shipping_intl;345.647447281737;billion tkm/yr;6403.08806971286;tkm/yr pCap
ECE;2040;trn_aviation_intl;114.039969808372;billion pkm/yr;2158.32382385525;pkm/yr pCap
ECE;2040;trn_freight;626.839084370321;billion tkm/yr;11863.5749535313;tkm/yr pCap
ECE;2040;trn_pass;817.796876495088;billion pkm/yr;15477.647745608;pkm/yr pCap
ECE;2040;trn_shipping_intl;350.462408696727;billion tkm/yr;6632.86185823164;tkm/yr pCap
ECE;2045;trn_aviation_intl;125.49273851592;billion pkm/yr;2423.08868703205;pkm/yr pCap
ECE;2045;trn_freight;625.572467447166;billion tkm/yr;12078.9265316547;tkm/yr pCap
ECE;2045;trn_pass;826.724899614014;billion pkm/yr;15962.8977360175;pkm/yr pCap
ECE;2045;trn_shipping_intl;353.732178920025;billion tkm/yr;6830.07201146999;tkm/yr pCap
ECE;2050;trn_aviation_intl;132.644880918214;billion pkm/yr;2608.01617232824;pkm/yr pCap
ECE;2050;trn_freight;622.619835286307;billion tkm/yr;12241.7283531675;tkm/yr pCap
ECE;2050;trn_pass;832.770018736525;billion pkm/yr;16373.6260431647;pkm/yr pCap
ECE;2050;trn_shipping_intl;356.30165473697;billion tkm/yr;7005.4756078697;tkm/yr pCap
ECE;2055;trn_aviation_intl;138.312068723204;billion pkm/yr;2770.45914220618;pkm/yr pCap
ECE;2055;trn_freight;620.511778325436;billion tkm/yr;12429.157809422;tkm/yr pCap
ECE;2055;trn_pass;836.019248402904;billion pkm/yr;16745.8790196635;pkm/yr pCap
ECE;2055;trn_shipping_intl;358.440623187388;billion tkm/yr;7179.74295818613;tkm/yr pCap
ECE;2060;trn_aviation_intl;142.972921211188;billion pkm/yr;2921.50190916661;pkm/yr pCap
ECE;2060;trn_freight;618.919249140851;billion tkm/yr;12646.966661009;tkm/yr pCap
ECE;2060;trn_pass;837.255120349435;billion pkm/yr;17108.4315256264;pkm/yr pCap
ECE;2060;trn_shipping_intl;360.366474562669;billion tkm/yr;7363.71149526525;tkm/yr pCap
ECE;2070;trn_aviation_intl;148.229386947037;billion pkm/yr;3172.50771637853;pkm/yr pCap
ECE;2070;trn_freight;617.267975842022;billion tkm/yr;13211.195544726;tkm/yr pCap
ECE;2070;trn_pass;832.266949395966;billion pkm/yr;17812.752069122;pkm/yr pCap
ECE;2070;trn_shipping_intl;363.533889280757;billion tkm/yr;7780.60337873744;tkm/yr pCap
ECE;2080;trn_aviation_intl;148.250462752463;billion pkm/yr;3335.61573469246;pkm/yr pCap
ECE;2080;trn_freight;616.909440102992;billion tkm/yr;13880.3805201186;tkm/yr pCap
ECE;2080;trn_pass;817.531267006757;billion pkm/yr;18394.3449969804;pkm/yr pCap
ECE;2080;trn_shipping_intl;365.151245824961;billion tkm/yr;8215.85456464997;tkm/yr pCap
ECE;2090;trn_aviation_intl;145.873855685969;billion pkm/yr;3425.74928013227;pkm/yr pCap
ECE;2090;trn_freight;616.986929412772;billion tkm/yr;14489.5226039475;tkm/yr pCap
ECE;2090;trn_pass;802.846780057139;billion pkm/yr;18854.3160520696;pkm/yr pCap
ECE;2090;trn_shipping_intl;366.20373458558;billion tkm/yr;8600.0481322642;tkm/yr pCap
ECE;2100;trn_aviation_intl;142.698002559658;billion pkm/yr;3467.42364461671;pkm/yr pCap
ECE;2100;trn_freight;617.450374538668;billion tkm/yr;15003.4477683578;tkm/yr pCap
ECE;2100;trn_pass;792.277420049248;billion pkm/yr;19251.5761264855;pkm/yr pCap
ECE;2100;trn_shipping_intl;367.46578395102;billion tkm/yr;8929.06365193648;tkm/yr pCap
ECE;2110;trn_aviation_intl;140.433156391245;billion pkm/yr;3496.0824894241;pkm/yr pCap
ECE;2110;trn_freight;617.739609814176;billion tkm/yr;15378.6234561175;tkm/yr pCap
ECE;2110;trn_pass;784.4480119544;billion pkm/yr;19528.8280127862;pkm/yr pCap
ECE;2110;trn_shipping_intl;368.254961278381;billion tkm/yr;9167.70479887298;tkm/yr pCap
ECE;2130;trn_aviation_intl;137.346687518314;billion pkm/yr;3532.25000794595;pkm/yr pCap
ECE;2130;trn_freight;618.043147974315;billion tkm/yr;15894.6892261389;tkm/yr pCap
ECE;2130;trn_pass;773.220341693571;billion pkm/yr;19885.5000250873;pkm/yr pCap
ECE;2130;trn_shipping_intl;369.084433827072;billion tkm/yr;9492.02720411124;tkm/yr pCap
ECE;2150;trn_aviation_intl;134.513332184665;billion pkm/yr;3562.99106514758;pkm/yr pCap
ECE;2150;trn_freight;618.242931479904;billion tkm/yr;16376.0276039365;tkm/yr pCap
ECE;2150;trn_pass;762.429799785002;billion pkm/yr;20195.2514320801;pkm/yr pCap
ECE;2150;trn_shipping_intl;369.631088462563;billion tkm/yr;9790.79355334736;tkm/yr pCap
ECS;1990;trn_aviation_intl;17.101210830988;billion pkm/yr;348.508986054901;pkm/yr pCap
ECS;1990;trn_freight;280.660780593988;billion tkm/yr;5719.64202049058;tkm/yr pCap
ECS;1990;trn_pass;348.419729163755;billion pkm/yr;7100.51514670251;pkm/yr pCap
ECS;1990;trn_shipping_intl;40.6786352920958;billion tkm/yr;828.998021242826;tkm/yr pCap
ECS;2005;trn_aviation_intl;14.0738630225576;billion pkm/yr;310.158613770943;pkm/yr pCap
ECS;2005;trn_freight;197.874862306615;billion tkm/yr;4360.74963176548;tkm/yr pCap
ECS;2005;trn_pass;340.31943554422;billion pkm/yr;7499.93119860017;pkm/yr pCap
ECS;2005;trn_shipping_intl;62.6085944092515;billion tkm/yr;1379.76295641051;tkm/yr pCap
ECS;2010;trn_aviation_intl;14.9907501207061;billion pkm/yr;340.803407825034;pkm/yr pCap
ECS;2010;trn_freight;182.742337544462;billion tkm/yr;4154.50933993234;tkm/yr pCap
ECS;2010;trn_pass;357.623237633525;billion pkm/yr;8130.29482324443;pkm/yr pCap
ECS;2010;trn_shipping_intl;54.6210757177878;billion tkm/yr;1241.76899713505;tkm/yr pCap
ECS;2015;trn_aviation_intl;17.0708385434437;billion pkm/yr;396.040498161615;pkm/yr pCap
ECS;2015;trn_freight;199.098133346797;billion tkm/yr;4619.04221711458;tkm/yr pCap
ECS;2015;trn_pass;382.176626893638;billion pkm/yr;8866.4315648872;pkm/yr pCap
ECS;2015;trn_shipping_intl;56.2055283446192;billion tkm/yr;1303.95852484874;tkm/yr pCap
ECS;2020;trn_aviation_intl;16.3501619683018;billion pkm/yr;388.369384897679;pkm/yr pCap
ECS;2020;trn_freight;210.722436339769;billion tkm/yr;5005.34142377773;tkm/yr pCap
ECS;2020;trn_pass;406.306420024821;billion pkm/yr;9651.09548950888;pkm/yr pCap
ECS;2020;trn_shipping_intl;39.9671562002261;billion tkm/yr;949.349608871393;tkm/yr pCap
ECS;2025;trn_aviation_intl;27.0773842477891;billion pkm/yr;682.341050213464;pkm/yr pCap
ECS;2025;trn_freight;227.820606448699;billion tkm/yr;5741.00328310575;tkm/yr pCap
ECS;2025;trn_pass;443.730278588135;billion pkm/yr;11181.8549950246;pkm/yr pCap
ECS;2025;trn_shipping_intl;42.0670007809808;billion tkm/yr;1060.07438641599;tkm/yr pCap
ECS;2030;trn_aviation_intl;48.5844636962909;billion pkm/yr;1257.48442037042;pkm/yr pCap
ECS;2030;trn_freight;243.974941692383;billion tkm/yr;6314.66655795103;tkm/yr pCap
ECS;2030;trn_pass;492.095365722503;billion pkm/yr;12736.6283098392;pkm/yr pCap
ECS;2030;trn_shipping_intl;44.3866723179309;billion tkm/yr;1148.83534087763;tkm/yr pCap
ECS;2035;trn_aviation_intl;63.6799485615407;billion pkm/yr;1698.32586434091;pkm/yr pCap
ECS;2035;trn_freight;249.280588070503;billion tkm/yr;6648.24139719758;tkm/yr pCap
ECS;2035;trn_pass;509.115273666886;billion pkm/yr;13577.9575318575;pkm/yr pCap
ECS;2035;trn_shipping_intl;45.5086677302367;billion tkm/yr;1213.70304473888;tkm/yr pCap
ECS;2040;trn_aviation_intl;74.2864808958798;billion pkm/yr;2041.87954316447;pkm/yr pCap
ECS;2040;trn_freight;251.424887807511;billion tkm/yr;6910.80434643463;tkm/yr pCap
ECS;2040;trn_pass;515.580287689434;billion pkm/yr;14171.5266303629;pkm/yr pCap
ECS;2040;trn_shipping_intl;46.2095197044745;billion tkm/yr;1270.14056724896;tkm/yr pCap
ECS;2045;trn_aviation_intl;81.5825272619451;billion pkm/yr;2310.90510538433;pkm/yr pCap
ECS;2045;trn_freight;252.427065389458;billion tkm/yr;7150.24422169113;tkm/yr pCap
ECS;2045;trn_pass;517.664252335624;billion pkm/yr;14663.3477013572;pkm/yr pCap
ECS;2045;trn_shipping_intl;46.702449417072;billion tkm/yr;1322.89268810391;tkm/yr pCap
ECS;2050;trn_aviation_intl;86.3797799585804;billion pkm/yr;2520.27257991782;pkm/yr pCap
ECS;2050;trn_freight;252.811963360571;billion tkm/yr;7376.20609173065;tkm/yr pCap
ECS;2050;trn_pass;517.485659218458;billion pkm/yr;15098.49779722;pkm/yr pCap
ECS;2050;trn_shipping_intl;47.082619684233;billion tkm/yr;1373.71310088738;tkm/yr pCap
ECS;2055;trn_aviation_intl;90.2480835328565;billion pkm/yr;2712.30048955641;pkm/yr pCap
ECS;2055;trn_freight;253.274404178653;billion tkm/yr;7611.86568793752;tkm/yr pCap
ECS;2055;trn_pass;515.879550008447;billion pkm/yr;15504.1558919159;pkm/yr pCap
ECS;2055;trn_shipping_intl;47.4101131542104;billion tkm/yr;1424.85544384191;tkm/yr pCap
ECS;2060;trn_aviation_intl;93.3813211524686;billion pkm/yr;2894.0321243883;pkm/yr pCap
ECS;2060;trn_freight;253.81386498762;billion tkm/yr;7866.08574202968;tkm/yr pCap
ECS;2060;trn_pass;513.068990985641;billion pkm/yr;15900.804610759;pkm/yr pCap
ECS;2060;trn_shipping_intl;47.7081005197019;billion tkm/yr;1478.54810569805;tkm/yr pCap
ECS;2070;trn_aviation_intl;96.6124133031527;billion pkm/yr;3194.47864297758;pkm/yr pCap
ECS;2070;trn_freight;255.123756379063;billion tkm/yr;8435.63847755098;tkm/yr pCap
ECS;2070;trn_pass;503.62903723792;billion pkm/yr;16652.4378020831;pkm/yr pCap
ECS;2070;trn_shipping_intl;48.2103050257365;billion tkm/yr;1594.06834495381;tkm/yr pCap
ECS;2080;trn_aviation_intl;96.8608471704315;billion pkm/yr;3403.49625027562;pkm/yr pCap
ECS;2080;trn_freight;256.413886127031;billion tkm/yr;9009.87060763966;tkm/yr pCap
ECS;2080;trn_pass;492.286633235264;billion pkm/yr;17297.9667143414;pkm/yr pCap
ECS;2080;trn_shipping_intl;48.5892079920111;billion tkm/yr;1707.32749129986;tkm/yr pCap
ECS;2090;trn_aviation_intl;95.2792521616916;billion pkm/yr;3528.55445651437;pkm/yr pCap
ECS;2090;trn_freight;257.844210563323;billion tkm/yr;9548.95549269906;tkm/yr pCap
ECS;2090;trn_pass;482.073056965937;billion pkm/yr;17853.0057166694;pkm/yr pCap
ECS;2090;trn_shipping_intl;48.9293713798581;billion tkm/yr;1812.04142055873;tkm/yr pCap
ECS;2100;trn_aviation_intl;92.1653306338107;billion pkm/yr;3584.77693285449;pkm/yr pCap
ECS;2100;trn_freight;259.496057933573;billion tkm/yr;10093.117186797;tkm/yr pCap
ECS;2100;trn_pass;472.158695226579;billion pkm/yr;18364.6452267377;pkm/yr pCap
ECS;2100;trn_shipping_intl;49.259120563221;billion tkm/yr;1915.93691373309;tkm/yr pCap
ECS;2110;trn_aviation_intl;89.7700809971663;billion pkm/yr;3622.80314796633;pkm/yr pCap
ECS;2110;trn_freight;260.421422086158;billion tkm/yr;10509.6880525415;tkm/yr pCap
ECS;2110;trn_pass;463.902165405648;billion pkm/yr;18721.4515851114;pkm/yr pCap
ECS;2110;trn_shipping_intl;49.4436714051315;billion tkm/yr;1995.37180343167;tkm/yr pCap
ECS;2130;trn_aviation_intl;86.4472334299314;billion pkm/yr;3668.50128533083;pkm/yr pCap
ECS;2130;trn_freight;261.244765616938;billion tkm/yr;11086.2629193158;tkm/yr pCap
ECS;2130;trn_pass;451.641486237606;billion pkm/yr;19165.9964932749;pkm/yr pCap
ECS;2130;trn_shipping_intl;49.6077708444935;billion tkm/yr;2105.17056341575;tkm/yr pCap
ECS;2150;trn_aviation_intl;83.3507152623582;billion pkm/yr;3705.10479624413;pkm/yr pCap
ECS;2150;trn_freight;261.618250072716;billion tkm/yr;11629.4506901151;tkm/yr pCap
ECS;2150;trn_pass;439.538459633731;billion pkm/yr;19538.3572869968;pkm/yr pCap
ECS;2150;trn_shipping_intl;49.6821770613111;billion tkm/yr;2208.4714202908;tkm/yr pCap
ENC;1990;trn_aviation_intl;28.2131267199529;billion pkm/yr;1504.05018162034;pkm/yr pCap
ENC;1990;trn_freight;162.057146731331;billion tkm/yr;8639.31472018496;tkm/yr pCap
ENC;1990;trn_pass;287.438086794877;billion pkm/yr;15323.4099481321;pkm/yr pCap
ENC;1990;trn_shipping_intl;864.623033105473;billion tkm/yr;46093.3112052314;tkm/yr pCap
ENC;2005;trn_aviation_intl;42.98538338847;billion pkm/yr;2174.26902336763;pkm/yr pCap
ENC;2005;trn_freight;175.780851321868;billion tkm/yr;8891.27488933472;tkm/yr pCap
ENC;2005;trn_pass;291.121128295994;billion pkm/yr;14725.3694489927;pkm/yr pCap
ENC;2005;trn_shipping_intl;1266.78529074611;billion tkm/yr;64076.0137471712;tkm/yr pCap
ENC;2010;trn_aviation_intl;48.5604008062274;billion pkm/yr;2384.45111116309;pkm/yr pCap
ENC;2010;trn_freight;161.790907946261;billion tkm/yr;7944.38480374061;tkm/yr pCap
ENC;2010;trn_pass;299.014959617418;billion pkm/yr;14682.4684491217;pkm/yr pCap
ENC;2010;trn_shipping_intl;1132.95449656136;billion tkm/yr;55631.2255123833;tkm/yr pCap
ENC;2015;trn_aviation_intl;50.7248286551306;billion pkm/yr;2411.00342689851;pkm/yr pCap
ENC;2015;trn_freight;163.59866509286;billion tkm/yr;7776.01329827286;tkm/yr pCap
ENC;2015;trn_pass;310.045171596519;billion pkm/yr;14736.766806938;pkm/yr pCap
ENC;2015;trn_shipping_intl;1140.84986297896;billion tkm/yr;54225.7707348756;tkm/yr pCap
ENC;2020;trn_aviation_intl;52.5615648653041;billion pkm/yr;2411.67004625231;pkm/yr pCap
ENC;2020;trn_freight;151.19764769523;billion tkm/yr;6937.3664757667;tkm/yr pCap
ENC;2020;trn_pass;295.286398806522;billion pkm/yr;13548.5571042707;pkm/yr pCap
ENC;2020;trn_shipping_intl;1117.38453929413;billion tkm/yr;51268.6947290623;tkm/yr pCap
ENC;2025;trn_aviation_intl;55.7050224058096;billion pkm/yr;2500.5458466877;pkm/yr pCap
ENC;2025;trn_freight;154.180539903832;billion tkm/yr;6921.01882462192;tkm/yr pCap
ENC;2025;trn_pass;307.962830885808;billion pkm/yr;13824.1606312572;pkm/yr pCap
ENC;2025;trn_shipping_intl;1133.8995933101;billion tkm/yr;50899.6818627388;tkm/yr pCap
ENC;2030;trn_aviation_intl;60.4598968485414;billion pkm/yr;2673.22062276242;pkm/yr pCap
ENC;2030;trn_freight;157.892974411187;billion tkm/yr;6981.20204277965;tkm/yr pCap
ENC;2030;trn_pass;323.066185047654;billion pkm/yr;14284.2980786098;pkm/yr pCap
ENC;2030;trn_shipping_intl;1154.37273604343;billion tkm/yr;51040.3286343088;tkm/yr pCap
ENC;2035;trn_aviation_intl;64.5574545162899;billion pkm/yr;2825.58011910561;pkm/yr pCap
ENC;2035;trn_freight;161.178380959487;billion tkm/yr;7054.52890423117;tkm/yr pCap
ENC;2035;trn_pass;336.057169401747;billion pkm/yr;14708.7034930238;pkm/yr pCap
ENC;2035;trn_shipping_intl;1172.41765348041;billion tkm/yr;51314.910691325;tkm/yr pCap
ENC;2040;trn_aviation_intl;68.0671853987979;billion pkm/yr;2947.74620662339;pkm/yr pCap
ENC;2040;trn_freight;164.07997307506;billion tkm/yr;7105.71643856185;tkm/yr pCap
ENC;2040;trn_pass;348.127345696462;billion pkm/yr;15076.1494938608;pkm/yr pCap
ENC;2040;trn_shipping_intl;1188.29856198423;billion tkm/yr;51460.9581386759;tkm/yr pCap
ENC;2045;trn_aviation_intl;71.3053280866567;billion pkm/yr;3050.30892115149;pkm/yr pCap
ENC;2045;trn_freight;166.848126918828;billion tkm/yr;7137.45162772982;tkm/yr pCap
ENC;2045;trn_pass;360.363574561915;billion pkm/yr;15415.6814902861;pkm/yr pCap
ENC;2045;trn_shipping_intl;1203.40122149616;billion tkm/yr;51479.2594067207;tkm/yr pCap
ENC;2050;trn_aviation_intl;74.3756839242268;billion pkm/yr;3134.43266445119;pkm/yr pCap
ENC;2050;trn_freight;169.538533636276;billion tkm/yr;7144.90394809804;tkm/yr pCap
ENC;2050;trn_pass;373.222792278418;billion pkm/yr;15728.819548429;pkm/yr pCap
ENC;2050;trn_shipping_intl;1218.03568943596;billion tkm/yr;51331.9763933197;tkm/yr pCap
ENC;2055;trn_aviation_intl;77.2876273587116;billion pkm/yr;3213.40602442264;pkm/yr pCap
ENC;2055;trn_freight;172.200311254035;billion tkm/yr;7159.61320720761;tkm/yr pCap
ENC;2055;trn_pass;385.725072634504;billion pkm/yr;16037.3828843494;pkm/yr pCap
ENC;2055;trn_shipping_intl;1232.47248300704;billion tkm/yr;51242.8009136386;tkm/yr pCap
ENC;2060;trn_aviation_intl;80.0905388939756;billion pkm/yr;3288.61343824071;pkm/yr pCap
ENC;2060;trn_freight;174.901347341476;billion tkm/yr;7181.65877239278;tkm/yr pCap
ENC;2060;trn_pass;398.157836153564;billion pkm/yr;16348.8375605617;pkm/yr pCap
ENC;2060;trn_shipping_intl;1247.08028781615;billion tkm/yr;51206.6100404996;tkm/yr pCap
ENC;2070;trn_aviation_intl;84.9478790369122;billion pkm/yr;3409.65199277297;pkm/yr pCap
ENC;2070;trn_freight;180.207058952932;billion tkm/yr;7233.18068251742;tkm/yr pCap
ENC;2070;trn_pass;421.978742081186;billion pkm/yr;16937.4524138472;pkm/yr pCap
ENC;2070;trn_shipping_intl;1275.65456562954;billion tkm/yr;51202.4335522104;tkm/yr pCap
ENC;2080;trn_aviation_intl;88.6354597062707;billion pkm/yr;3486.8128730228;pkm/yr pCap
ENC;2080;trn_freight;184.752970045997;billion tkm/yr;7267.96066067;tkm/yr pCap
ENC;2080;trn_pass;442.553265326176;billion pkm/yr;17409.5156458969;pkm/yr pCap
ENC;2080;trn_shipping_intl;1300.01342857739;billion tkm/yr;51140.9719415655;tkm/yr pCap
ENC;2090;trn_aviation_intl;90.6540961430901;billion pkm/yr;3532.88151225919;pkm/yr pCap
ENC;2090;trn_freight;188.431911344806;billion tkm/yr;7343.38153743173;tkm/yr pCap
ENC;2090;trn_pass;456.800246071602;billion pkm/yr;17801.9660754714;pkm/yr pCap
ENC;2090;trn_shipping_intl;1319.64555952814;billion tkm/yr;51427.9177482843;tkm/yr pCap
ENC;2100;trn_aviation_intl;91.4143754018922;billion pkm/yr;3553.00313191853;pkm/yr pCap
ENC;2100;trn_freight;191.402523199238;billion tkm/yr;7439.24313210287;tkm/yr pCap
ENC;2100;trn_pass;466.25676166074;billion pkm/yr;18122.0046319379;pkm/yr pCap
ENC;2100;trn_shipping_intl;1335.44598544931;billion tkm/yr;51904.7879280396;tkm/yr pCap
ENC;2110;trn_aviation_intl;91.9109628937126;billion pkm/yr;3566.42157866981;pkm/yr pCap
ENC;2110;trn_freight;193.393046808687;billion tkm/yr;7504.23141688558;tkm/yr pCap
ENC;2110;trn_pass;472.575905140902;billion pkm/yr;18337.3653434897;pkm/yr pCap
ENC;2110;trn_shipping_intl;1346.00794102367;billion tkm/yr;52229.153245615;tkm/yr pCap
ENC;2130;trn_aviation_intl;92.5440469327919;billion pkm/yr;3583.29036110662;pkm/yr pCap
ENC;2130;trn_freight;195.915862931017;billion tkm/yr;7585.83016948058;tkm/yr pCap
ENC;2130;trn_pass;480.641009782725;billion pkm/yr;18610.341287082;pkm/yr pCap
ENC;2130;trn_shipping_intl;1359.36536234034;billion tkm/yr;52634.4044975017;tkm/yr pCap
ENC;2150;trn_aviation_intl;93.0883801422314;billion pkm/yr;3597.58233272048;pkm/yr pCap
ENC;2150;trn_freight;198.071364565396;billion tkm/yr;7654.85488832813;tkm/yr pCap
ENC;2150;trn_pass;487.582449769972;billion pkm/yr;18843.5764416232;pkm/yr pCap
ENC;2150;trn_shipping_intl;1370.75267524959;billion tkm/yr;52975.4154006383;tkm/yr pCap
ESC;1990;trn_aviation_intl;57.2886639740845;billion pkm/yr;841.753696303001;pkm/yr pCap
ESC;1990;trn_freight;427.112114339921;billion tkm/yr;6275.64296392136;tkm/yr pCap
ESC;1990;trn_pass;1087.89499078624;billion pkm/yr;15984.6567568426;pkm/yr pCap
ESC;1990;trn_shipping_intl;2088.39201720294;billion tkm/yr;30685.1578980002;tkm/yr pCap
ESC;2005;trn_aviation_intl;92.825512836053;billion pkm/yr;1318.58740765078;pkm/yr pCap
ESC;2005;trn_freight;569.616997734477;billion tkm/yr;8091.41557583515;tkm/yr pCap
ESC;2005;trn_pass;1103.17980218515;billion pkm/yr;15670.6809485144;pkm/yr pCap
ESC;2005;trn_shipping_intl;2387.42867166098;billion tkm/yr;33913.4499442692;tkm/yr pCap
ESC;2010;trn_aviation_intl;99.1655486411156;billion pkm/yr;1378.39143216024;pkm/yr pCap
ESC;2010;trn_freight;504.894648869034;billion tkm/yr;7017.98626318578;tkm/yr pCap
ESC;2010;trn_pass;1112.06002188074;billion pkm/yr;15457.5255944563;pkm/yr pCap
ESC;2010;trn_shipping_intl;2899.48098484423;billion tkm/yr;40302.5022498969;tkm/yr pCap
ESC;2015;trn_aviation_intl;95.7252069662105;billion pkm/yr;1308.01092020683;pkm/yr pCap
ESC;2015;trn_freight;494.964689598771;billion tkm/yr;6763.30968227107;tkm/yr pCap
ESC;2015;trn_pass;1095.48277852754;billion pkm/yr;14968.9249323674;pkm/yr pCap
ESC;2015;trn_shipping_intl;2870.5111409766;billion tkm/yr;39223.314714776;tkm/yr pCap
ESC;2020;trn_aviation_intl;107.252903149039;billion pkm/yr;1491.89633097941;pkm/yr pCap
ESC;2020;trn_freight;395.027275084891;billion tkm/yr;5494.86051223241;tkm/yr pCap
ESC;2020;trn_pass;867.876295011548;billion pkm/yr;12072.2276251347;pkm/yr pCap
ESC;2020;trn_shipping_intl;3116.46948665568;billion tkm/yr;43350.336039762;tkm/yr pCap
ESC;2025;trn_aviation_intl;118.72131020415;billion pkm/yr;1684.82686961743;pkm/yr pCap
ESC;2025;trn_freight;408.663363966031;billion tkm/yr;5799.52339688841;tkm/yr pCap
ESC;2025;trn_pass;888.303618005821;billion pkm/yr;12606.3113810065;pkm/yr pCap
ESC;2025;trn_shipping_intl;3163.49564920631;billion tkm/yr;44894.572529021;tkm/yr pCap
ESC;2030;trn_aviation_intl;127.103739132148;billion pkm/yr;1833.33441971762;pkm/yr pCap
ESC;2030;trn_freight;414.318454962815;billion tkm/yr;5976.09707939292;tkm/yr pCap
ESC;2030;trn_pass;892.109163554691;billion pkm/yr;12867.7129945789;pkm/yr pCap
ESC;2030;trn_shipping_intl;3184.63504329326;billion tkm/yr;45934.927477139;tkm/yr pCap
ESC;2035;trn_aviation_intl;139.670854291103;billion pkm/yr;2036.81779525005;pkm/yr pCap
ESC;2035;trn_freight;422.167094690596;billion tkm/yr;6156.45587190765;tkm/yr pCap
ESC;2035;trn_pass;903.782011370367;billion pkm/yr;13179.8383644834;pkm/yr pCap
ESC;2035;trn_shipping_intl;3220.09953105245;billion tkm/yr;46958.6590603517;tkm/yr pCap
ESC;2040;trn_aviation_intl;151.200900180134;billion pkm/yr;2226.15970325828;pkm/yr pCap
ESC;2040;trn_freight;429.452315435206;billion tkm/yr;6322.90838185388;tkm/yr pCap
ESC;2040;trn_pass;914.922248406081;billion pkm/yr;13470.5748351337;pkm/yr pCap
ESC;2040;trn_shipping_intl;3253.10176804644;billion tkm/yr;47896.0380394268;tkm/yr pCap
ESC;2045;trn_aviation_intl;161.97838441244;billion pkm/yr;2406.11354164878;pkm/yr pCap
ESC;2045;trn_freight;436.52229639962;billion tkm/yr;6484.33562545202;tkm/yr pCap
ESC;2045;trn_pass;925.918747832648;billion pkm/yr;13754.0922247618;pkm/yr pCap
ESC;2045;trn_shipping_intl;3285.04304104383;billion tkm/yr;48797.7860417997;tkm/yr pCap
ESC;2050;trn_aviation_intl;171.474020709757;billion pkm/yr;2569.56871837546;pkm/yr pCap
ESC;2050;trn_freight;443.113431302603;billion tkm/yr;6640.13363105561;tkm/yr pCap
ESC;2050;trn_pass;935.66122687126;billion pkm/yr;14021.0500087049;pkm/yr pCap
ESC;2050;trn_shipping_intl;3314.7458973944;billion tkm/yr;49672.0572134074;tkm/yr pCap
ESC;2055;trn_aviation_intl;179.803659621274;billion pkm/yr;2727.8771855139;pkm/yr pCap
ESC;2055;trn_freight;449.181914630074;billion tkm/yr;6814.72835228021;tkm/yr pCap
ESC;2055;trn_pass;940.669090979996;billion pkm/yr;14271.2876801693;pkm/yr pCap
ESC;2055;trn_shipping_intl;3342.0303191277;billion tkm/yr;50703.3520899792;tkm/yr pCap
ESC;2060;trn_aviation_intl;186.733848756008;billion pkm/yr;2877.51606265596;pkm/yr pCap
ESC;2060;trn_freight;454.686263695631;billion tkm/yr;7006.58737539734;tkm/yr pCap
ESC;2060;trn_pass;941.136938490463;billion pkm/yr;14502.6553873674;pkm/yr pCap
ESC;2060;trn_shipping_intl;3366.72669936155;billion tkm/yr;51880.3110444318;tkm/yr pCap
ESC;2070;trn_aviation_intl;195.106254224238;billion pkm/yr;3117.48009718968;pkm/yr pCap
ESC;2070;trn_freight;464.035604026684;billion tkm/yr;7414.53299737872;tkm/yr pCap
ESC;2070;trn_pass;932.338349063498;billion pkm/yr;14897.2479565499;pkm/yr pCap
ESC;2070;trn_shipping_intl;3408.5634993484;billion tkm/yr;54463.291868712;tkm/yr pCap
ESC;2080;trn_aviation_intl;198.589224610743;billion pkm/yr;3268.84966597305;pkm/yr pCap
ESC;2080;trn_freight;471.271546399051;billion tkm/yr;7757.29821217;tkm/yr pCap
ESC;2080;trn_pass;923.015611545554;billion pkm/yr;15193.1670985807;pkm/yr pCap
ESC;2080;trn_shipping_intl;3440.84881971425;billion tkm/yr;56637.60225175;tkm/yr pCap
ESC;2090;trn_aviation_intl;198.64255410511;billion pkm/yr;3356.74141667436;pkm/yr pCap
ESC;2090;trn_freight;477.077112172136;billion tkm/yr;8061.84006538816;tkm/yr pCap
ESC;2090;trn_pass;912.666609216016;billion pkm/yr;15422.6057985043;pkm/yr pCap
ESC;2090;trn_shipping_intl;3466.69348073009;billion tkm/yr;58581.5745176345;tkm/yr pCap
ESC;2100;trn_aviation_intl;194.339712151179;billion pkm/yr;3400.88222667922;pkm/yr pCap
ESC;2100;trn_freight;480.8353875309;billion tkm/yr;8414.46406043952;tkm/yr pCap
ESC;2100;trn_pass;890.26540271685;billion pkm/yr;15579.3571556383;pkm/yr pCap
ESC;2100;trn_shipping_intl;3483.39670984209;billion tkm/yr;60958.3179260822;tkm/yr pCap
ESC;2110;trn_aviation_intl;190.667090969499;billion pkm/yr;3431.90132256445;pkm/yr pCap
ESC;2110;trn_freight;482.761979552572;billion tkm/yr;8689.44644660963;tkm/yr pCap
ESC;2110;trn_pass;870.449559097095;billion pkm/yr;15667.6067060196;pkm/yr pCap
ESC;2110;trn_shipping_intl;3491.95091589553;billion tkm/yr;62853.1693941306;tkm/yr pCap
ESC;2130;trn_aviation_intl;185.676892492319;billion pkm/yr;3471.39878035177;pkm/yr pCap
ESC;2130;trn_freight;484.735155431708;billion tkm/yr;9062.56564708972;tkm/yr pCap
ESC;2130;trn_pass;843.1314263579;billion pkm/yr;15763.1106695527;pkm/yr pCap
ESC;2130;trn_shipping_intl;3500.70614684704;billion tkm/yr;65448.8928881525;tkm/yr pCap
ESC;2150;trn_aviation_intl;181.111033522011;billion pkm/yr;3505.37720816003;pkm/yr pCap
ESC;2150;trn_freight;485.978850117362;billion tkm/yr;9406.04860853044;tkm/yr pCap
ESC;2150;trn_pass;817.80041098998;billion pkm/yr;15828.4057340979;pkm/yr pCap
ESC;2150;trn_shipping_intl;3506.22156684791;billion tkm/yr;67862.3987074433;tkm/yr pCap
ESW;1990;trn_aviation_intl;35.548439117534;billion pkm/yr;727.697976676081;pkm/yr pCap
ESW;1990;trn_freight;522.32860588681;billion tkm/yr;10692.3814125046;tkm/yr pCap
ESW;1990;trn_pass;823.59151714567;billion pkm/yr;16859.414801672;pkm/yr pCap
ESW;1990;trn_shipping_intl;1684.35725721094;billion tkm/yr;34479.8083544407;tkm/yr pCap
ESW;2005;trn_aviation_intl;87.8546088344944;billion pkm/yr;1622.23617050653;pkm/yr pCap
ESW;2005;trn_freight;517.601108615349;billion tkm/yr;9557.50929210692;tkm/yr pCap
ESW;2005;trn_pass;855.908438720712;billion pkm/yr;15804.3572938811;pkm/yr pCap
ESW;2005;trn_shipping_intl;3348.75955252163;billion tkm/yr;61834.8763314612;tkm/yr pCap
ESW;2010;trn_aviation_intl;94.431709986784;billion pkm/yr;1652.34846795852;pkm/yr pCap
ESW;2010;trn_freight;439.390622566942;billion tkm/yr;7688.37525165474;tkm/yr pCap
ESW;2010;trn_pass;848.501330809302;billion pkm/yr;14846.9182038505;pkm/yr pCap
ESW;2010;trn_shipping_intl;3516.82155949053;billion tkm/yr;61536.6884357059;tkm/yr pCap
ESW;2015;trn_aviation_intl;93.7565296601889;billion pkm/yr;1650.55862386815;pkm/yr pCap
ESW;2015;trn_freight;438.000839451624;billion tkm/yr;7710.88760898692;tkm/yr pCap
ESW;2015;trn_pass;842.780929962107;billion pkm/yr;14836.9328197441;pkm/yr pCap
ESW;2015;trn_shipping_intl;3511.47416838703;billion tkm/yr;61818.5633803647;tkm/yr pCap
ESW;2020;trn_aviation_intl;95.3582111842065;billion pkm/yr;1653.72331941042;pkm/yr pCap
ESW;2020;trn_freight;413.115410465133;billion tkm/yr;7164.33938315263;tkm/yr pCap
ESW;2020;trn_pass;816.446263220795;billion pkm/yr;14158.9927890483;pkm/yr pCap
ESW;2020;trn_shipping_intl;3378.8553258214;billion tkm/yr;58596.8609921908;tkm/yr pCap
ESW;2025;trn_aviation_intl;105.223379117263;billion pkm/yr;1815.95118325755;pkm/yr pCap
ESW;2025;trn_freight;418.263521675227;billion tkm/yr;7218.41613025131;tkm/yr pCap
ESW;2025;trn_pass;855.287173358201;billion pkm/yr;14760.5956728871;pkm/yr pCap
ESW;2025;trn_shipping_intl;3452.57878926856;billion tkm/yr;59584.8051094717;tkm/yr pCap
ESW;2030;trn_aviation_intl;112.768779323425;billion pkm/yr;1960.08827468755;pkm/yr pCap
ESW;2030;trn_freight;416.626024532164;billion tkm/yr;7241.57688426398;tkm/yr pCap
ESW;2030;trn_pass;872.797469975413;billion pkm/yr;15170.5117084689;pkm/yr pCap
ESW;2030;trn_shipping_intl;3493.94103696409;billion tkm/yr;60729.8660151442;tkm/yr pCap
ESW;2035;trn_aviation_intl;124.536939994091;billion pkm/yr;2158.54310357251;pkm/yr pCap
ESW;2035;trn_freight;412.537938536528;billion tkm/yr;7150.33565327918;tkm/yr pCap
ESW;2035;trn_pass;904.425661494455;billion pkm/yr;15676.0056446343;pkm/yr pCap
ESW;2035;trn_shipping_intl;3562.07879041134;billion tkm/yr;61739.9191580354;tkm/yr pCap
ESW;2040;trn_aviation_intl;135.671464740431;billion pkm/yr;2340.89930123358;pkm/yr pCap
ESW;2040;trn_freight;408.714847042509;billion tkm/yr;7052.037815587;tkm/yr pCap
ESW;2040;trn_pass;932.983154703493;billion pkm/yr;16097.8553529042;pkm/yr pCap
ESW;2040;trn_shipping_intl;3627.38057413847;billion tkm/yr;62587.4620544177;tkm/yr pCap
ESW;2045;trn_aviation_intl;146.385948825441;billion pkm/yr;2511.25618017159;pkm/yr pCap
ESW;2045;trn_freight;407.802553793366;billion tkm/yr;6995.86737470643;tkm/yr pCap
ESW;2045;trn_pass;962.193926792717;billion pkm/yr;16506.4711782081;pkm/yr pCap
ESW;2045;trn_shipping_intl;3691.11909204608;billion tkm/yr;63321.2798497715;tkm/yr pCap
ESW;2050;trn_aviation_intl;156.389294068739;billion pkm/yr;2664.91319027034;pkm/yr pCap
ESW;2050;trn_freight;409.524108159822;billion tkm/yr;6978.39455103058;tkm/yr pCap
ESW;2050;trn_pass;991.459058388521;billion pkm/yr;16894.7135291195;pkm/yr pCap
ESW;2050;trn_shipping_intl;3752.18035644371;billion tkm/yr;63938.103843381;tkm/yr pCap
ESW;2055;trn_aviation_intl;165.598190557699;billion pkm/yr;2815.30942461689;pkm/yr pCap
ESW;2055;trn_freight;411.817602701362;billion tkm/yr;7001.24786511064;tkm/yr pCap
ESW;2055;trn_pass;1016.50782563037;billion pkm/yr;17281.4935480642;pkm/yr pCap
ESW;2055;trn_shipping_intl;3810.9100822505;billion tkm/yr;64788.6974778815;tkm/yr pCap
ESW;2060;trn_aviation_intl;173.73842025654;billion pkm/yr;2959.92511597132;pkm/yr pCap
ESW;2060;trn_freight;414.597941949243;billion tkm/yr;7063.37066719929;tkm/yr pCap
ESW;2060;trn_pass;1036.82154551474;billion pkm/yr;17663.9923905016;pkm/yr pCap
ESW;2060;trn_shipping_intl;3866.765765783;billion tkm/yr;65876.8342132911;tkm/yr pCap
ESW;2070;trn_aviation_intl;184.218662565383;billion pkm/yr;3188.94334389714;pkm/yr pCap
ESW;2070;trn_freight;421.26840216357;billion tkm/yr;7292.42655638594;tkm/yr pCap
ESW;2070;trn_pass;1059.58030265172;billion pkm/yr;18342.0154419287;pkm/yr pCap
ESW;2070;trn_shipping_intl;3960.26865516362;billion tkm/yr;68554.7934832399;tkm/yr pCap
ESW;2080;trn_aviation_intl;189.218134070272;billion pkm/yr;3332.55373445296;pkm/yr pCap
ESW;2080;trn_freight;427.559755649682;billion tkm/yr;7530.28174277934;tkm/yr pCap
ESW;2080;trn_pass;1070.0860797113;billion pkm/yr;18846.604627248;pkm/yr pCap
ESW;2080;trn_shipping_intl;4028.05931977713;billion tkm/yr;70943.1164971536;tkm/yr pCap
ESW;2090;trn_aviation_intl;191.594794715357;billion pkm/yr;3415.88622713844;pkm/yr pCap
ESW;2090;trn_freight;433.762149705842;billion tkm/yr;7733.41548884672;tkm/yr pCap
ESW;2090;trn_pass;1078.70810138261;billion pkm/yr;19231.9637497969;pkm/yr pCap
ESW;2090;trn_shipping_intl;4082.20995247248;billion tkm/yr;72780.4989360733;tkm/yr pCap
ESW;2100;trn_aviation_intl;189.92646656446;billion pkm/yr;3461.65634873495;pkm/yr pCap
ESW;2100;trn_freight;439.093739203574;billion tkm/yr;8003.05327371498;tkm/yr pCap
ESW;2100;trn_pass;1072.86507727154;billion pkm/yr;19554.3584485766;pkm/yr pCap
ESW;2100;trn_shipping_intl;4121.25315736508;billion tkm/yr;75115.1875512561;tkm/yr pCap
ESW;2110;trn_aviation_intl;187.968273528297;billion pkm/yr;3492.57460739898;pkm/yr pCap
ESW;2110;trn_freight;442.224402311662;billion tkm/yr;8216.82132465502;tkm/yr pCap
ESW;2110;trn_pass;1064.04552846806;billion pkm/yr;19770.6683371996;pkm/yr pCap
ESW;2110;trn_shipping_intl;4144.13769657655;billion tkm/yr;77000.814110522;tkm/yr pCap
ESW;2130;trn_aviation_intl;185.221105362482;billion pkm/yr;3531.08260282025;pkm/yr pCap
ESW;2130;trn_freight;445.914824943881;billion tkm/yr;8500.98630832335;tkm/yr pCap
ESW;2130;trn_pass;1051.17696310327;billion pkm/yr;20039.7934114221;pkm/yr pCap
ESW;2130;trn_shipping_intl;4171.07513688567;billion tkm/yr;79517.9945724287;tkm/yr pCap
ESW;2150;trn_aviation_intl;182.636315725705;billion pkm/yr;3563.389048859;pkm/yr pCap
ESW;2150;trn_freight;448.814676162127;billion tkm/yr;8756.75407516026;tkm/yr pCap
ESW;2150;trn_pass;1038.66409158262;billion pkm/yr;20265.2152431023;pkm/yr pCap
ESW;2150;trn_shipping_intl;4192.21273175466;billion tkm/yr;81793.6174383709;tkm/yr pCap
EWN;1990;trn_aviation_intl;64.862802617361;billion pkm/yr;1966.81557896128;pkm/yr pCap
EWN;1990;trn_freight;263.328707095401;billion tkm/yr;7984.83849916687;tkm/yr pCap
EWN;1990;trn_pass;556.360790391891;billion pkm/yr;16870.3636893589;pkm/yr pCap
EWN;1990;trn_shipping_intl;5986.49645429279;billion tkm/yr;181526.761326653;tkm/yr pCap
EWN;2005;trn_aviation_intl;131.410440422814;billion pkm/yr;3702.59200358932;pkm/yr pCap
EWN;2005;trn_freight;278.809458853909;billion tkm/yr;7855.67470557177;tkm/yr pCap
EWN;2005;trn_pass;578.752028659086;billion pkm/yr;16306.791351429;pkm/yr pCap
EWN;2005;trn_shipping_intl;9175.22998481158;billion tkm/yr;258519.28555715;tkm/yr pCap
EWN;2010;trn_aviation_intl;138.890602768746;billion pkm/yr;3817.63327633468;pkm/yr pCap
EWN;2010;trn_freight;256.786638720543;billion tkm/yr;7058.19686397295;tkm/yr pCap
EWN;2010;trn_pass;607.004539530048;billion pkm/yr;16684.5033630855;pkm/yr pCap
EWN;2010;trn_shipping_intl;8509.58485056031;billion tkm/yr;233899.728604265;tkm/yr pCap
EWN;2015;trn_aviation_intl;143.840603032134;billion pkm/yr;3843.29025713797;pkm/yr pCap
EWN;2015;trn_freight;258.87601932285;billion tkm/yr;6916.93208938994;tkm/yr pCap
EWN;2015;trn_pass;625.837025501645;billion pkm/yr;16721.7968498737;pkm/yr pCap
EWN;2015;trn_shipping_intl;8552.79372115865;billion tkm/yr;228522.879402115;tkm/yr pCap
EWN;2020;trn_aviation_intl;152.46991050077;billion pkm/yr;3957.44228646418;pkm/yr pCap
EWN;2020;trn_freight;222.939206713602;billion tkm/yr;5786.51250637895;tkm/yr pCap
EWN;2020;trn_pass;551.470574856126;billion pkm/yr;14313.7289548374;pkm/yr pCap
EWN;2020;trn_shipping_intl;8638.32165837024;billion tkm/yr;224212.497420867;tkm/yr pCap
EWN;2025;trn_aviation_intl;158.175932511412;billion pkm/yr;4018.69614502952;pkm/yr pCap
EWN;2025;trn_freight;226.747279634633;billion tkm/yr;5760.85377905319;tkm/yr pCap
EWN;2025;trn_pass;571.93487205864;billion pkm/yr;14530.8608525775;pkm/yr pCap
EWN;2025;trn_shipping_intl;8638.32165837024;billion tkm/yr;219469.481841133;tkm/yr pCap
EWN;2030;trn_aviation_intl;164.245262475236;billion pkm/yr;4133.65460069112;pkm/yr pCap
EWN;2030;trn_freight;231.212682712127;billion tkm/yr;5819.06202484972;tkm/yr pCap
EWN;2030;trn_pass;589.965406206475;billion pkm/yr;14847.9973112265;pkm/yr pCap
EWN;2030;trn_shipping_intl;8581.5753843317;billion tkm/yr;215977.423239035;tkm/yr pCap
EWN;2035;trn_aviation_intl;170.374725542706;billion pkm/yr;4256.85215351416;pkm/yr pCap
EWN;2035;trn_freight;235.76028162402;billion tkm/yr;5890.52548344531;tkm/yr pCap
EWN;2035;trn_pass;607.429228902152;billion pkm/yr;15176.7605959337;pkm/yr pCap
EWN;2035;trn_shipping_intl;8511.06053684647;billion tkm/yr;212650.827518913;tkm/yr pCap
EWN;2040;trn_aviation_intl;175.908918273438;billion pkm/yr;4369.15072739002;pkm/yr pCap
EWN;2040;trn_freight;239.817909036924;billion tkm/yr;5956.49499749125;tkm/yr pCap
EWN;2040;trn_pass;622.903301750132;billion pkm/yr;15471.4066839111;pkm/yr pCap
EWN;2040;trn_shipping_intl;8437.36576348903;billion tkm/yr;209563.694238066;tkm/yr pCap
EWN;2045;trn_aviation_intl;181.046074896305;billion pkm/yr;4473.97747665047;pkm/yr pCap
EWN;2045;trn_freight;243.540372438884;billion tkm/yr;6018.32512287664;tkm/yr pCap
EWN;2045;trn_pass;637.04791055587;billion pkm/yr;15742.6114043436;pkm/yr pCap
EWN;2045;trn_shipping_intl;8360.28151860521;billion tkm/yr;206597.747198442;tkm/yr pCap
EWN;2050;trn_aviation_intl;185.856018371881;billion pkm/yr;4570.7268726526;pkm/yr pCap
EWN;2050;trn_freight;246.95901341691;billion tkm/yr;6073.42290530435;tkm/yr pCap
EWN;2050;trn_pass;650.231807107108;billion pkm/yr;15991.0452200217;pkm/yr pCap
EWN;2050;trn_shipping_intl;8281.1415084242;billion tkm/yr;203656.768074399;tkm/yr pCap
EWN;2055;trn_aviation_intl;189.843346451845;billion pkm/yr;4655.66959753009;pkm/yr pCap
EWN;2055;trn_freight;250.133999869628;billion tkm/yr;6134.22213770876;tkm/yr pCap
EWN;2055;trn_pass;661.433495360281;billion pkm/yr;16220.825605379;pkm/yr pCap
EWN;2055;trn_shipping_intl;8212.73492646679;billion tkm/yr;201407.007537258;tkm/yr pCap
EWN;2060;trn_aviation_intl;193.280303897893;billion pkm/yr;4731.51381277204;pkm/yr pCap
EWN;2060;trn_freight;253.228842319541;billion tkm/yr;6199.0577470333;tkm/yr pCap
EWN;2060;trn_pass;671.636283278896;billion pkm/yr;16441.697821273;pkm/yr pCap
EWN;2060;trn_shipping_intl;8150.74421720852;billion tkm/yr;199530.723360552;tkm/yr pCap
EWN;2070;trn_aviation_intl;198.334634994235;billion pkm/yr;4842.02645045627;pkm/yr pCap
EWN;2070;trn_freight;259.165669038783;billion tkm/yr;6327.11994338485;tkm/yr pCap
EWN;2070;trn_pass;689.944846919798;billion pkm/yr;16843.9123012416;pkm/yr pCap
EWN;2070;trn_shipping_intl;8047.71494052924;billion tkm/yr;196472.232945634;tkm/yr pCap
EWN;2080;trn_aviation_intl;201.267176634911;billion pkm/yr;4904.84449331168;pkm/yr pCap
EWN;2080;trn_freight;264.192349232477;billion tkm/yr;6438.31950630754;tkm/yr pCap
EWN;2080;trn_pass;704.380005751184;billion pkm/yr;17165.6126456949;pkm/yr pCap
EWN;2080;trn_shipping_intl;7973.60344810422;billion tkm/yr;194315.265997035;tkm/yr pCap
EWN;2090;trn_aviation_intl;200.835178107583;billion pkm/yr;4932.2303276892;pkm/yr pCap
EWN;2090;trn_freight;267.841331807401;billion tkm/yr;6577.80749466844;tkm/yr pCap
EWN;2090;trn_pass;708.709017851781;billion pkm/yr;17404.8996012188;pkm/yr pCap
EWN;2090;trn_shipping_intl;7928.48714586469;billion tkm/yr;194712.525574479;tkm/yr pCap
EWN;2100;trn_aviation_intl;197.681476775281;billion pkm/yr;4932.82633303691;pkm/yr pCap
EWN;2100;trn_freight;270.222053955448;billion tkm/yr;6742.96087454883;tkm/yr pCap
EWN;2100;trn_pass;704.171112335738;billion pkm/yr;17571.4683163879;pkm/yr pCap
EWN;2100;trn_shipping_intl;7904.3045569856;billion tkm/yr;197239.328130706;tkm/yr pCap
EWN;2110;trn_aviation_intl;195.194860498744;billion pkm/yr;4933.30995367698;pkm/yr pCap
EWN;2110;trn_freight;271.654121566233;billion tkm/yr;6865.72371042881;tkm/yr pCap
EWN;2110;trn_pass;699.465261785015;billion pkm/yr;17678.1239495672;pkm/yr pCap
EWN;2110;trn_shipping_intl;7889.88313585975;billion tkm/yr;199407.089449138;tkm/yr pCap
EWN;2130;trn_aviation_intl;191.951254581502;billion pkm/yr;4933.95978245534;pkm/yr pCap
EWN;2130;trn_freight;273.393129757985;billion tkm/yr;7027.36072221265;tkm/yr pCap
EWN;2130;trn_pass;692.906122631887;billion pkm/yr;17810.6204595354;pkm/yr pCap
EWN;2130;trn_shipping_intl;7872.49521249071;billion tkm/yr;202356.45164543;tkm/yr pCap
EWN;2150;trn_aviation_intl;189.09733799625;billion pkm/yr;4934.55012523746;pkm/yr pCap
EWN;2150;trn_freight;274.807408196041;billion tkm/yr;7171.1793772414;tkm/yr pCap
EWN;2150;trn_pass;686.761065736299;billion pkm/yr;17921.2300862981;pkm/yr pCap
EWN;2150;trn_shipping_intl;7858.45368727671;billion tkm/yr;205068.638393487;tkm/yr pCap
FRA;1990;trn_aviation_intl;70.5222153739546;billion pkm/yr;1214.9638840237;pkm/yr pCap
FRA;1990;trn_freight;300.319672788944;billion tkm/yr;5173.93780336545;tkm/yr pCap
FRA;1990;trn_pass;1015.78732427042;billion pkm/yr;17500.087118554;pkm/yr pCap
FRA;1990;trn_shipping_intl;969.889202133948;billion tkm/yr;16709.3496120162;tkm/yr pCap
FRA;2005;trn_aviation_intl;121.414078666099;billion pkm/yr;1921.46166501142;pkm/yr pCap
FRA;2005;trn_freight;327.913260118624;billion tkm/yr;5189.4538564973;tkm/yr pCap
FRA;2005;trn_pass;1032.16176691692;billion pkm/yr;16334.672955642;pkm/yr pCap
FRA;2005;trn_shipping_intl;1008.11978698352;billion tkm/yr;15954.1920155358;tkm/yr pCap
FRA;2010;trn_aviation_intl;130.022336943977;billion pkm/yr;1999.40315680704;pkm/yr pCap
FRA;2010;trn_freight;306.840112626592;billion tkm/yr;4718.39765566569;tkm/yr pCap
FRA;2010;trn_pass;1062.87561557931;billion pkm/yr;16344.2444662271;pkm/yr pCap
FRA;2010;trn_shipping_intl;908.670146192507;billion tkm/yr;13972.968041456;tkm/yr pCap
FRA;2015;trn_aviation_intl;135.089334871358;billion pkm/yr;2029.94504307126;pkm/yr pCap
FRA;2015;trn_freight;311.189185751025;billion tkm/yr;4676.14224079364;tkm/yr pCap
FRA;2015;trn_pass;1096.63379620342;billion pkm/yr;16478.7719236861;pkm/yr pCap
FRA;2015;trn_shipping_intl;915.574125083329;billion tkm/yr;13758.0450636393;tkm/yr pCap
FRA;2020;trn_aviation_intl;105.802990664016;billion pkm/yr;1565.80223946924;pkm/yr pCap
FRA;2020;trn_freight;284.461951322845;billion tkm/yr;4209.81635424213;tkm/yr pCap
FRA;2020;trn_pass;1011.74595855732;billion pkm/yr;14973.0558440802;pkm/yr pCap
FRA;2020;trn_shipping_intl;691.338190984548;billion tkm/yr;10231.2692758541;tkm/yr pCap
FRA;2025;trn_aviation_intl;114.462918445928;billion pkm/yr;1674.97486937297;pkm/yr pCap
FRA;2025;trn_freight;292.518954121263;billion tkm/yr;4280.52948169268;tkm/yr pCap
FRA;2025;trn_pass;1042.02979983261;billion pkm/yr;15248.3769552135;pkm/yr pCap
FRA;2025;trn_shipping_intl;702.706528099809;billion tkm/yr;10282.9439533077;tkm/yr pCap
FRA;2030;trn_aviation_intl;127.729509855634;billion pkm/yr;1855.36611341677;pkm/yr pCap
FRA;2030;trn_freight;302.441235183884;billion tkm/yr;4393.183843689;tkm/yr pCap
FRA;2030;trn_pass;1071.57220583775;billion pkm/yr;15565.3831368939;pkm/yr pCap
FRA;2030;trn_shipping_intl;715.296281210102;billion tkm/yr;10390.2103962525;tkm/yr pCap
FRA;2035;trn_aviation_intl;140.586337323694;billion pkm/yr;2019.10053903617;pkm/yr pCap
FRA;2035;trn_freight;313.503267853636;billion tkm/yr;4502.53295706419;tkm/yr pCap
FRA;2035;trn_pass;1104.5629975065;billion pkm/yr;15863.7303319866;pkm/yr pCap
FRA;2035;trn_shipping_intl;727.701316053594;billion tkm/yr;10451.244036027;tkm/yr pCap
FRA;2040;trn_aviation_intl;152.807186805062;billion pkm/yr;2169.04792822594;pkm/yr pCap
FRA;2040;trn_freight;325.50264878958;billion tkm/yr;4620.40340347202;tkm/yr pCap
FRA;2040;trn_pass;1137.67686346142;billion pkm/yr;16148.9501591939;pkm/yr pCap
FRA;2040;trn_shipping_intl;739.684145750797;billion tkm/yr;10499.5739888144;tkm/yr pCap
FRA;2045;trn_aviation_intl;164.37260032553;billion pkm/yr;2309.18319143272;pkm/yr pCap
FRA;2045;trn_freight;338.521072692866;billion tkm/yr;4755.7024069706;tkm/yr pCap
FRA;2045;trn_pass;1169.51598950125;billion pkm/yr;16429.9077809784;pkm/yr pCap
FRA;2045;trn_shipping_intl;751.332421298425;billion tkm/yr;10555.0693668213;tkm/yr pCap
FRA;2050;trn_aviation_intl;175.325629102215;billion pkm/yr;2441.70102264148;pkm/yr pCap
FRA;2050;trn_freight;352.835895925727;billion tkm/yr;4913.82675948765;tkm/yr pCap
FRA;2050;trn_pass;1200.14161291097;billion pkm/yr;16713.9682804212;pkm/yr pCap
FRA;2050;trn_shipping_intl;762.862601856742;billion tkm/yr;10624.1306797343;tkm/yr pCap
FRA;2055;trn_aviation_intl;185.829815644496;billion pkm/yr;2569.97701612837;pkm/yr pCap
FRA;2055;trn_freight;367.099666119566;billion tkm/yr;5076.89092454645;tkm/yr pCap
FRA;2055;trn_pass;1229.11008724057;billion pkm/yr;16998.2662014946;pkm/yr pCap
FRA;2055;trn_shipping_intl;774.417210583434;billion tkm/yr;10709.9844295229;tkm/yr pCap
FRA;2060;trn_aviation_intl;195.871144536077;billion pkm/yr;2691.08710387355;pkm/yr pCap
FRA;2060;trn_freight;381.385077824368;billion tkm/yr;5239.87577125701;tkm/yr pCap
FRA;2060;trn_pass;1257.71537453408;billion pkm/yr;17279.8378891831;pkm/yr pCap
FRA;2060;trn_shipping_intl;786.082315926986;billion tkm/yr;10800.0389132588;tkm/yr pCap
FRA;2070;trn_aviation_intl;212.541320918355;billion pkm/yr;2881.7166368545;pkm/yr pCap
FRA;2070;trn_freight;408.229562224495;billion tkm/yr;5534.93276523888;tkm/yr pCap
FRA;2070;trn_pass;1312.63329798673;billion pkm/yr;17797.185020557;pkm/yr pCap
FRA;2070;trn_shipping_intl;808.793959323643;billion tkm/yr;10965.9382857872;tkm/yr pCap
FRA;2080;trn_aviation_intl;225.519946410646;billion pkm/yr;3014.0904252346;pkm/yr pCap
FRA;2080;trn_freight;432.590769295593;billion tkm/yr;5781.60697770175;tkm/yr pCap
FRA;2080;trn_pass;1365.4207663732;billion pkm/yr;18248.9474826679;pkm/yr pCap
FRA;2080;trn_shipping_intl;830.151140260819;billion tkm/yr;11095.0301433718;tkm/yr pCap
FRA;2090;trn_aviation_intl;234.537983382406;billion pkm/yr;3097.17112846032;pkm/yr pCap
FRA;2090;trn_freight;455.078871525272;billion tkm/yr;6009.50482192177;tkm/yr pCap
FRA;2090;trn_pass;1413.4257481713;billion pkm/yr;18664.871916806;pkm/yr pCap
FRA;2090;trn_shipping_intl;850.829717785277;billion tkm/yr;11235.5585187413;tkm/yr pCap
FRA;2100;trn_aviation_intl;238.766537252773;billion pkm/yr;3129.16231399276;pkm/yr pCap
FRA;2100;trn_freight;474.551021237441;billion tkm/yr;6219.24323570904;tkm/yr pCap
FRA;2100;trn_pass;1452.21109057027;billion pkm/yr;19031.9978203815;pkm/yr pCap
FRA;2100;trn_shipping_intl;869.847692560835;billion tkm/yr;11399.816112395;tkm/yr pCap
FRA;2110;trn_aviation_intl;241.412646476083;billion pkm/yr;3150.44530587591;pkm/yr pCap
FRA;2110;trn_freight;487.914899107185;billion tkm/yr;6367.31018857967;tkm/yr pCap
FRA;2110;trn_pass;1477.52596003796;billion pkm/yr;19281.7766304241;pkm/yr pCap
FRA;2110;trn_shipping_intl;882.66565300646;billion tkm/yr;11518.8243191211;tkm/yr pCap
FRA;2130;trn_aviation_intl;244.78125269312;billion pkm/yr;3176.86019452045;pkm/yr pCap
FRA;2130;trn_freight;504.889310873282;billion tkm/yr;6552.63724940187;tkm/yr pCap
FRA;2130;trn_pass;1509.66789846595;billion pkm/yr;19593.0194850114;pkm/yr pCap
FRA;2130;trn_shipping_intl;898.685324974304;billion tkm/yr;11663.4652568341;tkm/yr pCap
FRA;2150;trn_aviation_intl;247.676028478551;billion pkm/yr;3198.96996297291;pkm/yr pCap
FRA;2150;trn_freight;519.434791094929;billion tkm/yr;6708.9911956485;tkm/yr pCap
FRA;2150;trn_pass;1537.21292287577;billion pkm/yr;19854.5575733796;pkm/yr pCap
FRA;2150;trn_shipping_intl;912.190052395684;billion tkm/yr;11781.7965511716;tkm/yr pCap
IND;1990;trn_aviation_intl;17.5315;billion pkm/yr;20.1406817110967;pkm/yr pCap
IND;1990;trn_freight;560.09452457859;billion tkm/yr;643.452388424573;tkm/yr pCap
IND;1990;trn_pass;2012.27167;billion pkm/yr;2311.75445465174;pkm/yr pCap
IND;1990;trn_shipping_intl;347.152;billion tkm/yr;398.818009717972;tkm/yr pCap
IND;2005;trn_aviation_intl;34.4548;billion pkm/yr;29.8403298036656;pkm/yr pCap
IND;2005;trn_freight;891.46969057859;billion tkm/yr;772.076737547072;tkm/yr pCap
IND;2005;trn_pass;2928.452641;billion pkm/yr;2536.25017767787;pkm/yr pCap
IND;2005;trn_shipping_intl;332.475;billion tkm/yr;287.947213493438;tkm/yr pCap
IND;2010;trn_aviation_intl;57.114;billion pkm/yr;46.0368958386899;pkm/yr pCap
IND;2010;trn_freight;1346.40037457859;billion tkm/yr;1085.26970272871;tkm/yr pCap
IND;2010;trn_pass;4099.38477;billion pkm/yr;3304.32030078793;pkm/yr pCap
IND;2010;trn_shipping_intl;1528.51;billion tkm/yr;1232.05966415232;tkm/yr pCap
IND;2015;trn_aviation_intl;76.2902587508037;billion pkm/yr;57.6704138040019;pkm/yr pCap
IND;2015;trn_freight;1503.08542990473;billion tkm/yr;1136.23364430467;tkm/yr pCap
IND;2015;trn_pass;4157.71171543741;billion pkm/yr;3142.95637520689;pkm/yr pCap
IND;2015;trn_shipping_intl;1788.82347723817;billion tkm/yr;1352.23279936184;tkm/yr pCap
IND;2020;trn_aviation_intl;54.7873674041998;billion pkm/yr;39.2350848449205;pkm/yr pCap
IND;2020;trn_freight;1428.31068104631;billion tkm/yr;1022.86153562221;tkm/yr pCap
IND;2020;trn_pass;3748.32483661401;billion pkm/yr;2684.30205645545;pkm/yr pCap
IND;2020;trn_shipping_intl;1201.84451628508;billion tkm/yr;860.681463647637;tkm/yr pCap
IND;2025;trn_aviation_intl;113.072960469203;billion pkm/yr;77.7343859364715;pkm/yr pCap
IND;2025;trn_freight;1716.18442828447;billion tkm/yr;1179.82709688373;tkm/yr pCap
IND;2025;trn_pass;4176.75078168066;billion pkm/yr;2871.39521134282;pkm/yr pCap
IND;2025;trn_shipping_intl;2268.92253232819;billion tkm/yr;1559.81853712935;tkm/yr pCap
IND;2030;trn_aviation_intl;225.998817946526;billion pkm/yr;149.192075973515;pkm/yr pCap
IND;2030;trn_freight;2063.12973095175;billion tkm/yr;1361.96556406857;tkm/yr pCap
IND;2030;trn_pass;4800.91849781839;billion pkm/yr;3169.30417502736;pkm/yr pCap
IND;2030;trn_shipping_intl;4465.39710069797;billion tkm/yr;2947.81127420266;tkm/yr pCap
IND;2035;trn_aviation_intl;352.838628001931;billion pkm/yr;225.952081526749;pkm/yr pCap
IND;2035;trn_freight;2431.22525455988;billion tkm/yr;1556.91685470786;tkm/yr pCap
IND;2035;trn_pass;5613.45003942645;billion pkm/yr;3594.76151502288;pkm/yr pCap
IND;2035;trn_shipping_intl;6735.96886480517;billion tkm/yr;4313.60419555244;tkm/yr pCap
IND;2040;trn_aviation_intl;506.102935157944;billion pkm/yr;316.810544030232;pkm/yr pCap
IND;2040;trn_freight;2829.90506830673;billion tkm/yr;1771.465253337;tkm/yr pCap
IND;2040;trn_pass;6695.65229835643;billion pkm/yr;4191.34745112193;pkm/yr pCap
IND;2040;trn_shipping_intl;9123.17393928722;billion tkm/yr;5710.92854477521;tkm/yr pCap
IND;2045;trn_aviation_intl;689.587539765514;billion pkm/yr;425.222224805533;pkm/yr pCap
IND;2045;trn_freight;3263.82162596672;billion tkm/yr;2012.57913336703;tkm/yr pCap
IND;2045;trn_pass;8135.55882384257;billion pkm/yr;5016.65158318689;pkm/yr pCap
IND;2045;trn_shipping_intl;11508.5266736309;billion tkm/yr;7096.53384697057;tkm/yr pCap
IND;2050;trn_aviation_intl;905.690259162965;billion pkm/yr;554.113650066452;pkm/yr pCap
IND;2050;trn_freight;3730.53314414911;billion tkm/yr;2282.39104515575;tkm/yr pCap
IND;2050;trn_pass;10058.7220076421;billion pkm/yr;6154.06327965754;pkm/yr pCap
IND;2050;trn_shipping_intl;13754.5367610617;billion tkm/yr;8415.21313996344;tkm/yr pCap
IND;2055;trn_aviation_intl;1163.34117680881;billion pkm/yr;709.687706492354;pkm/yr pCap
IND;2055;trn_freight;4170.48908655562;billion tkm/yr;2544.17611427457;tkm/yr pCap
IND;2055;trn_pass;12091.8403275121;billion pkm/yr;7376.53802717075;pkm/yr pCap
IND;2055;trn_shipping_intl;15959.4711465811;billion tkm/yr;9735.9576886269;tkm/yr pCap
IND;2060;trn_aviation_intl;1431.29015467551;billion pkm/yr;874.4881035314;pkm/yr pCap
IND;2060;trn_freight;4580.8684049315;billion tkm/yr;2798.81400068991;tkm/yr pCap
IND;2060;trn_pass;14110.08585422;billion pkm/yr;8620.96492385884;pkm/yr pCap
IND;2060;trn_shipping_intl;18108.0759633138;billion tkm/yr;11063.6525766859;tkm/yr pCap
IND;2070;trn_aviation_intl;1865.05667120347;billion pkm/yr;1159.44390656571;pkm/yr pCap
IND;2070;trn_freight;5185.55206936006;billion tkm/yr;3223.68582243622;tkm/yr pCap
IND;2070;trn_pass;17353.4337129522;billion pkm/yr;10788.0544795946;pkm/yr pCap
IND;2070;trn_shipping_intl;21712.2988344879;billion tkm/yr;13497.8164309273;tkm/yr pCap
IND;2080;trn_aviation_intl;2064.04427562654;billion pkm/yr;1329.14204735186;pkm/yr pCap
IND;2080;trn_freight;5621.85066884537;billion tkm/yr;3620.19274302021;tkm/yr pCap
IND;2080;trn_pass;18814.6070171198;billion pkm/yr;12115.6728981816;pkm/yr pCap
IND;2080;trn_shipping_intl;24331.903665722;billion tkm/yr;15668.538042581;tkm/yr pCap
IND;2090;trn_aviation_intl;2109.27283405495;billion pkm/yr;1424.16241939522;pkm/yr pCap
IND;2090;trn_freight;6036.7939989801;billion tkm/yr;4075.99007969496;tkm/yr pCap
IND;2090;trn_pass;19079.5526871514;billion pkm/yr;12882.3457436158;pkm/yr pCap
IND;2090;trn_shipping_intl;26134.9334939545;billion tkm/yr;17646.0766547348;tkm/yr pCap
IND;2100;trn_aviation_intl;2102.18651485092;billion pkm/yr;1497.5607632928;pkm/yr pCap
IND;2100;trn_freight;6518.12479319911;billion tkm/yr;4643.397658382;tkm/yr pCap
IND;2100;trn_pass;18851.4945336031;billion pkm/yr;13429.4737139225;pkm/yr pCap
IND;2100;trn_shipping_intl;27403.5968883768;billion tkm/yr;19521.8412748861;tkm/yr pCap
IND;2110;trn_aviation_intl;2083.49288988722;billion pkm/yr;1546.29922453592;pkm/yr pCap
IND;2110;trn_freight;6815.23219153378;billion tkm/yr;5058.03898057524;tkm/yr pCap
IND;2110;trn_pass;18579.5647709995;billion pkm/yr;13789.1358962913;pkm/yr pCap
IND;2110;trn_shipping_intl;28169.2884129159;billion tkm/yr;20906.3102831027;tkm/yr pCap
IND;2130;trn_aviation_intl;2044.10778982953;billion pkm/yr;1604.57839087618;pkm/yr pCap
IND;2130;trn_freight;7135.96082295518;billion tkm/yr;5601.5678779874;tkm/yr pCap
IND;2130;trn_pass;18108.8953200547;billion pkm/yr;14215.0733233211;pkm/yr pCap
IND;2130;trn_shipping_intl;28982.0119729197;billion tkm/yr;22750.2240181473;tkm/yr pCap
IND;2150;trn_aviation_intl;1997.32779589093;billion pkm/yr;1651.68538607086;pkm/yr pCap
IND;2150;trn_freight;7359.54964277076;billion tkm/yr;6085.96176252847;tkm/yr pCap
IND;2150;trn_pass;17601.7995146886;billion pkm/yr;14555.7655016722;pkm/yr pCap
IND;2150;trn_shipping_intl;29540.5308383215;billion tkm/yr;24428.4704708007;tkm/yr pCap
JPN;1990;trn_aviation_intl;83.6329;billion pkm/yr;677.310128119989;pkm/yr pCap
JPN;1990;trn_freight;822.94688943812;billion tkm/yr;6664.72480472732;tkm/yr pCap
JPN;1990;trn_pass;1241.04979;billion pkm/yr;10050.7765755843;pkm/yr pCap
JPN;1990;trn_shipping_intl;2042.89;billion tkm/yr;16544.5666434507;tkm/yr pCap
JPN;2005;trn_aviation_intl;131.03;billion pkm/yr;1025.49051834112;pkm/yr pCap
JPN;2005;trn_freight;854.29988943812;billion tkm/yr;6686.07522276318;tkm/yr pCap
JPN;2005;trn_pass;1457.21429;billion pkm/yr;11404.7121848904;pkm/yr pCap
JPN;2005;trn_shipping_intl;2254.5;billion tkm/yr;17644.5727970698;tkm/yr pCap
JPN;2010;trn_aviation_intl;112.032;billion pkm/yr;874.771609276177;pkm/yr pCap
JPN;2010;trn_freight;751.55933943812;billion tkm/yr;5868.34808650051;tkm/yr pCap
JPN;2010;trn_pass;1401.92454;billion pkm/yr;10946.5490747248;pkm/yr pCap
JPN;2010;trn_shipping_intl;1779.94;billion tkm/yr;13898.1806824393;tkm/yr pCap
JPN;2015;trn_aviation_intl;115.667573215306;billion pkm/yr;909.75824647679;pkm/yr pCap
JPN;2015;trn_freight;764.71593046361;billion tkm/yr;6014.70753308225;tkm/yr pCap
JPN;2015;trn_pass;1424.20388093858;billion pkm/yr;11201.7671792623;pkm/yr pCap
JPN;2015;trn_shipping_intl;1795.97885954126;billion tkm/yr;14125.8827564772;tkm/yr pCap
JPN;2020;trn_aviation_intl;112.433506074247;billion pkm/yr;890.484837552748;pkm/yr pCap
JPN;2020;trn_freight;668.260673030259;billion tkm/yr;5292.69270028163;tkm/yr pCap
JPN;2020;trn_pass;1241.54375980684;billion pkm/yr;9833.1532286838;pkm/yr pCap
JPN;2020;trn_shipping_intl;1728.13830094127;billion tkm/yr;13687.0316324223;tkm/yr pCap
JPN;2025;trn_aviation_intl;118.319482436843;billion pkm/yr;962.295503477643;pkm/yr pCap
JPN;2025;trn_freight;680.266086862028;billion tkm/yr;5532.62221126672;tkm/yr pCap
JPN;2025;trn_pass;1250.67371217286;billion pkm/yr;10171.7626273767;pkm/yr pCap
JPN;2025;trn_shipping_intl;1745.21747533281;billion tkm/yr;14193.9002310952;tkm/yr pCap
JPN;2030;trn_aviation_intl;124.404793463649;billion pkm/yr;1042.31325289842;pkm/yr pCap
JPN;2030;trn_freight;687.640707880551;billion tkm/yr;5761.3296328954;tkm/yr pCap
JPN;2030;trn_pass;1248.80679794079;billion pkm/yr;10463.0041943173;pkm/yr pCap
JPN;2030;trn_shipping_intl;1756.97148852311;billion tkm/yr;14720.6117743962;tkm/yr pCap
JPN;2035;trn_aviation_intl;131.381893781849;billion pkm/yr;1132.04430527807;pkm/yr pCap
JPN;2035;trn_freight;696.286689177007;billion tkm/yr;5999.51301229191;tkm/yr pCap
JPN;2035;trn_pass;1249.75634640771;billion pkm/yr;10768.4515286797;pkm/yr pCap
JPN;2035;trn_shipping_intl;1752.98163457261;billion tkm/yr;15104.4624152704;tkm/yr pCap
JPN;2040;trn_aviation_intl;137.017725007715;billion pkm/yr;1216.07565712271;pkm/yr pCap
JPN;2040;trn_freight;703.733901830826;billion tkm/yr;6245.86101586685;tkm/yr pCap
JPN;2040;trn_pass;1245.65147053862;billion pkm/yr;11055.5508821638;pkm/yr pCap
JPN;2040;trn_shipping_intl;1732.70493571212;billion tkm/yr;15378.3044724852;tkm/yr pCap
JPN;2045;trn_aviation_intl;142.079563073169;billion pkm/yr;1300.27187534029;pkm/yr pCap
JPN;2045;trn_freight;711.157927055677;billion tkm/yr;6508.31570336116;tkm/yr pCap
JPN;2045;trn_pass;1240.38502158007;billion pkm/yr;11351.6520129171;pkm/yr pCap
JPN;2045;trn_shipping_intl;1696.55966502642;billion tkm/yr;15526.4330038412;tkm/yr pCap
JPN;2050;trn_aviation_intl;146.634739098848;billion pkm/yr;1383.50773330792;pkm/yr pCap
JPN;2050;trn_freight;718.766126806818;billion tkm/yr;6781.60237463691;tkm/yr pCap
JPN;2050;trn_pass;1235.60924509697;billion pkm/yr;11658.048811926;pkm/yr pCap
JPN;2050;trn_shipping_intl;1644.4972951768;billion tkm/yr;15515.9325768455;tkm/yr pCap
JPN;2055;trn_aviation_intl;150.226252903936;billion pkm/yr;1460.5232410666;pkm/yr pCap
JPN;2055;trn_freight;725.836897905332;billion tkm/yr;7056.7003977149;tkm/yr pCap
JPN;2055;trn_pass;1227.7976555925;billion pkm/yr;11936.8417746972;pkm/yr pCap
JPN;2055;trn_shipping_intl;1592.16663354539;billion tkm/yr;15479.2942444675;tkm/yr pCap
JPN;2060;trn_aviation_intl;152.587316695497;billion pkm/yr;1529.86248537119;pkm/yr pCap
JPN;2060;trn_freight;731.975073358438;billion tkm/yr;7338.88785260321;tkm/yr pCap
JPN;2060;trn_pass;1215.07973379432;billion pkm/yr;12182.5649845877;pkm/yr pCap
JPN;2060;trn_shipping_intl;1543.58714234863;billion tkm/yr;15476.2277305987;tkm/yr pCap
JPN;2070;trn_aviation_intl;152.753816295903;billion pkm/yr;1643.22046219543;pkm/yr pCap
JPN;2070;trn_freight;741.35416601668;billion tkm/yr;7974.97807172699;tkm/yr pCap
JPN;2070;trn_pass;1168.91883253153;billion pkm/yr;12574.4245927093;pkm/yr pCap
JPN;2070;trn_shipping_intl;1458.936881706;billion tkm/yr;15694.2392354173;tkm/yr pCap
JPN;2080;trn_aviation_intl;148.824870393097;billion pkm/yr;1727.44545112375;pkm/yr pCap
JPN;2080;trn_freight;747.629692720114;billion tkm/yr;8677.9145743796;tkm/yr pCap
JPN;2080;trn_pass;1107.4742421192;billion pkm/yr;12854.7153223275;pkm/yr pCap
JPN;2080;trn_shipping_intl;1396.52439305976;billion tkm/yr;16209.7887523935;tkm/yr pCap
JPN;2090;trn_aviation_intl;143.279117871227;billion pkm/yr;1781.70897793936;pkm/yr pCap
JPN;2090;trn_freight;753.057274299908;billion tkm/yr;9364.44142354766;tkm/yr pCap
JPN;2090;trn_pass;1049.04850394316;billion pkm/yr;13045.1608408788;pkm/yr pCap
JPN;2090;trn_shipping_intl;1337.73370656553;billion tkm/yr;16635.0281219768;tkm/yr pCap
JPN;2100;trn_aviation_intl;135.71277886711;billion pkm/yr;1808.41579022264;pkm/yr pCap
JPN;2100;trn_freight;756.064209962796;billion tkm/yr;10074.7952192311;tkm/yr pCap
JPN;2100;trn_pass;985.917211311632;billion pkm/yr;13137.6593101383;pkm/yr pCap
JPN;2100;trn_shipping_intl;1302.46122446256;billion tkm/yr;17355.7086085254;tkm/yr pCap
JPN;2110;trn_aviation_intl;129.893236961639;billion pkm/yr;1825.80167876418;pkm/yr pCap
JPN;2110;trn_freight;756.473681528915;billion tkm/yr;10633.1241716942;tkm/yr pCap
JPN;2110;trn_pass;937.360676530957;billion pkm/yr;13175.7028837704;pkm/yr pCap
JPN;2110;trn_shipping_intl;1297.73617525647;billion tkm/yr;18241.202873988;tkm/yr pCap
JPN;2130;trn_aviation_intl;121.97171220351;billion pkm/yr;1846.56602376732;pkm/yr pCap
JPN;2130;trn_freight;755.105005833878;billion tkm/yr;11431.7592412164;tkm/yr pCap
JPN;2130;trn_pass;871.265819120886;billion pkm/yr;13190.352338205;pkm/yr pCap
JPN;2130;trn_shipping_intl;1313.60270240376;billion tkm/yr;19887.0219591613;tkm/yr pCap
JPN;2150;trn_aviation_intl;114.716732079111;billion pkm/yr;1863.04368029275;pkm/yr pCap
JPN;2150;trn_freight;752.095378086586;billion tkm/yr;12214.3170898149;tkm/yr pCap
JPN;2150;trn_pass;810.732412803745;billion pkm/yr;13166.6049991808;pkm/yr pCap
JPN;2150;trn_shipping_intl;1349.23391256052;billion tkm/yr;21912.0756708713;tkm/yr pCap
LAM;1990;trn_aviation_intl;95.2871316662138;billion pkm/yr;215.300557477832;pkm/yr pCap
LAM;1990;trn_freight;1589.52964243639;billion tkm/yr;3591.53027444354;tkm/yr pCap
LAM;1990;trn_pass;2419.65344718579;billion pkm/yr;5467.18876906833;pkm/yr pCap
LAM;1990;trn_shipping_intl;2010.02634035725;billion tkm/yr;4541.63940142496;tkm/yr pCap
LAM;2005;trn_aviation_intl;151.596481317852;billion pkm/yr;271.749202873019;pkm/yr pCap
LAM;2005;trn_freight;2392.48990591744;billion tkm/yr;4288.73559044964;tkm/yr pCap
LAM;2005;trn_pass;3733.83758504252;billion pkm/yr;6693.21199655795;pkm/yr pCap
LAM;2005;trn_shipping_intl;5333.74556095167;billion tkm/yr;9561.17907167697;tkm/yr pCap
LAM;2010;trn_aviation_intl;188.593195473381;billion pkm/yr;319.641774797875;pkm/yr pCap
LAM;2010;trn_freight;2922.44670405273;billion tkm/yr;4953.18003860571;tkm/yr pCap
LAM;2010;trn_pass;4570.4540857382;billion pkm/yr;7746.34552392299;pkm/yr pCap
LAM;2010;trn_shipping_intl;7807.70120669803;billion tkm/yr;13233.0727232029;tkm/yr pCap
LAM;2015;trn_aviation_intl;213.324927393529;billion pkm/yr;342.662129770114;pkm/yr pCap
LAM;2015;trn_freight;3389.13343603175;billion tkm/yr;5443.93801256708;tkm/yr pCap
LAM;2015;trn_pass;5053.62205091869;billion pkm/yr;8117.59280164434;pkm/yr pCap
LAM;2015;trn_shipping_intl;8202.95900334239;billion tkm/yr;13176.3476347842;tkm/yr pCap
LAM;2020;trn_aviation_intl;201.084447495557;billion pkm/yr;308.545379836033;pkm/yr pCap
LAM;2020;trn_freight;3114.24427613414;billion tkm/yr;4778.51815518071;tkm/yr pCap
LAM;2020;trn_pass;4608.49889404547;billion pkm/yr;7071.31287101961;pkm/yr pCap
LAM;2020;trn_shipping_intl;7656.29772637174;billion tkm/yr;11747.8766734226;tkm/yr pCap
LAM;2025;trn_aviation_intl;252.174457607016;billion pkm/yr;373.54692035085;pkm/yr pCap
LAM;2025;trn_freight;3728.39936814733;billion tkm/yr;5522.89123579636;tkm/yr pCap
LAM;2025;trn_pass;5190.36185867267;billion pkm/yr;7688.50146922949;pkm/yr pCap
LAM;2025;trn_shipping_intl;8144.49151435303;billion tkm/yr;12064.4642279804;tkm/yr pCap
LAM;2030;trn_aviation_intl;333.065426862101;billion pkm/yr;477.220719640466;pkm/yr pCap
LAM;2030;trn_freight;4436.13012448476;billion tkm/yr;6356.14819097351;tkm/yr pCap
LAM;2030;trn_pass;5849.2450798597;billion pkm/yr;8380.87871401858;pkm/yr pCap
LAM;2030;trn_shipping_intl;8654.15978700225;billion tkm/yr;12399.7990435276;tkm/yr pCap
LAM;2035;trn_aviation_intl;451.830632365186;billion pkm/yr;630.414816842345;pkm/yr pCap
LAM;2035;trn_freight;5306.96609740776;billion tkm/yr;7404.52244853958;tkm/yr pCap
LAM;2035;trn_pass;6675.04697279211;billion pkm/yr;9313.3316188392;pkm/yr pCap
LAM;2035;trn_shipping_intl;9234.26238387683;billion tkm/yr;12884.0663124867;tkm/yr pCap
LAM;2040;trn_aviation_intl;599.855719851882;billion pkm/yr;820.136459292332;pkm/yr pCap
LAM;2040;trn_freight;6226.19245856866;billion tkm/yr;8512.59272663766;tkm/yr pCap
LAM;2040;trn_pass;7593.2619227365;billion pkm/yr;10381.6813638622;pkm/yr pCap
LAM;2040;trn_shipping_intl;9807.245490664;billion tkm/yr;13408.690333252;tkm/yr pCap
LAM;2045;trn_aviation_intl;763.160290860126;billion pkm/yr;1028.64078205096;pkm/yr pCap
LAM;2045;trn_freight;7129.3307517039;billion tkm/yr;9609.41030051149;tkm/yr pCap
LAM;2045;trn_pass;8559.65324931476;billion pkm/yr;11537.2989369463;pkm/yr pCap
LAM;2045;trn_shipping_intl;10359.4133063842;billion tkm/yr;13963.1413383132;tkm/yr pCap
LAM;2050;trn_aviation_intl;912.926385939549;billion pkm/yr;1219.91384569181;pkm/yr pCap
LAM;2050;trn_freight;7941.6652903879;billion tkm/yr;10612.1891039699;tkm/yr pCap
LAM;2050;trn_pass;9506.12850846332;billion pkm/yr;12702.7304336978;pkm/yr pCap
LAM;2050;trn_shipping_intl;10878.7641608969;billion tkm/yr;14536.9388247398;tkm/yr pCap
LAM;2055;trn_aviation_intl;1059.43444857726;billion pkm/yr;1410.19253810019;pkm/yr pCap
LAM;2055;trn_freight;8617.00155314449;billion tkm/yr;11469.9227567698;tkm/yr pCap
LAM;2055;trn_pass;10406.13502595;billion pkm/yr;13851.4034386598;pkm/yr pCap
LAM;2055;trn_shipping_intl;11351.3974410044;billion tkm/yr;15109.6238090153;tkm/yr pCap
LAM;2060;trn_aviation_intl;1189.93201011591;billion pkm/yr;1584.61127900879;pkm/yr pCap
LAM;2060;trn_freight;9114.46273763905;billion tkm/yr;12137.567805039;tkm/yr pCap
LAM;2060;trn_pass;11210.4496570079;billion pkm/yr;14928.75628039;pkm/yr pCap
LAM;2060;trn_shipping_intl;11766.2928171398;billion tkm/yr;15668.9627236295;tkm/yr pCap
LAM;2070;trn_aviation_intl;1305.80464039918;billion pkm/yr;1759.89869891338;pkm/yr pCap
LAM;2070;trn_freight;9490.43088562479;billion tkm/yr;12790.7318223594;tkm/yr pCap
LAM;2070;trn_pass;11999.019461484;billion pkm/yr;16171.6830260663;pkm/yr pCap
LAM;2070;trn_shipping_intl;12356.6914732504;billion tkm/yr;16653.7356154589;tkm/yr pCap
LAM;2080;trn_aviation_intl;1343.38271879292;billion pkm/yr;1856.43741493148;pkm/yr pCap
LAM;2080;trn_freight;9651.40483688479;billion tkm/yr;13337.3972995148;tkm/yr pCap
LAM;2080;trn_pass;12437.315172828;billion pkm/yr;17187.281706943;pkm/yr pCap
LAM;2080;trn_shipping_intl;12831.186460018;billion tkm/yr;17731.5773748698;tkm/yr pCap
LAM;2090;trn_aviation_intl;1341.56542910646;billion pkm/yr;1919.02921311594;pkm/yr pCap
LAM;2090;trn_freight;9757.62269681666;billion tkm/yr;13957.6964339533;tkm/yr pCap
LAM;2090;trn_pass;12760.9576212301;billion pkm/yr;18253.7876507338;pkm/yr pCap
LAM;2090;trn_shipping_intl;13241.6900562273;billion tkm/yr;18941.4466843051;tkm/yr pCap
LAM;2100;trn_aviation_intl;1310.94144761535;billion pkm/yr;1950.77023081767;pkm/yr pCap
LAM;2100;trn_freight;9822.77140189997;billion tkm/yr;14616.9533885818;tkm/yr pCap
LAM;2100;trn_pass;13017.4098207587;billion pkm/yr;19370.7931097015;pkm/yr pCap
LAM;2100;trn_shipping_intl;13601.0533565406;billion tkm/yr;20239.2944734226;tkm/yr pCap
LAM;2110;trn_aviation_intl;1285.60445399093;billion pkm/yr;1971.18435429405;pkm/yr pCap
LAM;2110;trn_freight;9862.18163887067;billion tkm/yr;15121.4303010537;tkm/yr pCap
LAM;2110;trn_pass;13118.9968187184;billion pkm/yr;20115.0215315555;pkm/yr pCap
LAM;2110;trn_shipping_intl;13821.7955170144;billion tkm/yr;21192.6047602063;tkm/yr pCap
LAM;2130;trn_aviation_intl;1249.43079521168;billion pkm/yr;1994.76746730901;pkm/yr pCap
LAM;2130;trn_freight;9904.64038075818;billion tkm/yr;15813.1642686014;tkm/yr pCap
LAM;2130;trn_pass;13154.1095828849;billion pkm/yr;21001.0750158524;pkm/yr pCap
LAM;2130;trn_shipping_intl;14062.4687521489;billion tkm/yr;22451.3076549259;tkm/yr pCap
LAM;2150;trn_aviation_intl;1215.17841233603;billion pkm/yr;2013.17053848543;pkm/yr pCap
LAM;2150;trn_freight;9935.02358401308;billion tkm/yr;16459.2265427459;tkm/yr pCap
LAM;2150;trn_pass;13106.2654708331;billion pkm/yr;21712.982429245;pkm/yr pCap
LAM;2150;trn_shipping_intl;14236.5246007096;billion tkm/yr;23585.4682782549;tkm/yr pCap
MEA;1990;trn_aviation_intl;185.569861215309;billion pkm/yr;671.036639073789;pkm/yr pCap
MEA;1990;trn_freight;423.838277978648;billion tkm/yr;1532.63580466671;tkm/yr pCap
MEA;1990;trn_pass;1834.55764624329;billion pkm/yr;6633.91883283181;pkm/yr pCap
MEA;1990;trn_shipping_intl;7720.74686371859;billion tkm/yr;27918.8872192885;tkm/yr pCap
MEA;2005;trn_aviation_intl;241.818913739783;billion pkm/yr;631.203911588323;pkm/yr pCap
MEA;2005;trn_freight;841.691656976124;billion tkm/yr;2197.01204516321;tkm/yr pCap
MEA;2005;trn_pass;3319.18591998196;billion pkm/yr;8663.85140674307;pkm/yr pCap
MEA;2005;trn_shipping_intl;8360.67912220774;billion tkm/yr;21823.3275630009;tkm/yr pCap
MEA;2010;trn_aviation_intl;342.774033234892;billion pkm/yr;795.637056991126;pkm/yr pCap
MEA;2010;trn_freight;1039.10792815131;billion tkm/yr;2411.9469203897;tkm/yr pCap
MEA;2010;trn_pass;4194.67571921796;billion pkm/yr;9736.55855075718;pkm/yr pCap
MEA;2010;trn_shipping_intl;13636.8582871345;billion tkm/yr;31653.4764660706;tkm/yr pCap
MEA;2015;trn_aviation_intl;399.585806664376;billion pkm/yr;836.446754658143;pkm/yr pCap
MEA;2015;trn_freight;1267.85862358982;billion tkm/yr;2653.98873878867;tkm/yr pCap
MEA;2015;trn_pass;4813.70714081905;billion pkm/yr;10076.4582942124;pkm/yr pCap
MEA;2015;trn_shipping_intl;15228.4522874817;billion tkm/yr;31877.4823376779;tkm/yr pCap
MEA;2020;trn_aviation_intl;419.406572547366;billion pkm/yr;801.376528050029;pkm/yr pCap
MEA;2020;trn_freight;1223.87621070213;billion tkm/yr;2338.50810333863;tkm/yr pCap
MEA;2020;trn_pass;4451.0423303457;billion pkm/yr;8504.78052175329;pkm/yr pCap
MEA;2020;trn_shipping_intl;15420.2039919461;billion tkm/yr;29463.986369678;tkm/yr pCap
MEA;2025;trn_aviation_intl;493.734885404636;billion pkm/yr;873.730149401164;pkm/yr pCap
MEA;2025;trn_freight;1572.00255036202;billion tkm/yr;2781.86950889885;tkm/yr pCap
MEA;2025;trn_pass;5109.90809942007;billion pkm/yr;9042.66823980552;pkm/yr pCap
MEA;2025;trn_shipping_intl;16825.3152638895;billion tkm/yr;29774.653673078;tkm/yr pCap
MEA;2030;trn_aviation_intl;613.259011919873;billion pkm/yr;1010.25820816862;pkm/yr pCap
MEA;2030;trn_freight;2112.27320923045;billion tkm/yr;3479.67385075877;tkm/yr pCap
MEA;2030;trn_pass;5921.64775027543;billion pkm/yr;9755.08411506336;pkm/yr pCap
MEA;2030;trn_shipping_intl;18331.2486927158;billion tkm/yr;30198.1611323083;tkm/yr pCap
MEA;2035;trn_aviation_intl;782.481065825892;billion pkm/yr;1208.18675696464;pkm/yr pCap
MEA;2035;trn_freight;2847.40175838435;billion tkm/yr;4396.51928523888;tkm/yr pCap
MEA;2035;trn_pass;6911.64118344621;billion pkm/yr;10671.8918980069;pkm/yr pCap
MEA;2035;trn_shipping_intl;19935.7728838643;billion tkm/yr;30781.7503069128;tkm/yr pCap
MEA;2040;trn_aviation_intl;982.086690047554;billion pkm/yr;1430.73783445894;pkm/yr pCap
MEA;2040;trn_freight;3678.7255705737;billion tkm/yr;5359.29456100917;tkm/yr pCap
MEA;2040;trn_pass;7967.98926714752;billion pkm/yr;11608.0421663374;pkm/yr pCap
MEA;2040;trn_shipping_intl;21342.206022848;billion tkm/yr;31092.0633963868;tkm/yr pCap
MEA;2045;trn_aviation_intl;1209.22077892169;billion pkm/yr;1673.34328032535;pkm/yr pCap
MEA;2045;trn_freight;4561.14162573318;billion tkm/yr;6311.7966735892;tkm/yr pCap
MEA;2045;trn_pass;9063.50543534536;billion pkm/yr;12542.2554597118;pkm/yr pCap
MEA;2045;trn_shipping_intl;22498.3722635296;billion tkm/yr;31133.6860081145;tkm/yr pCap
MEA;2050;trn_aviation_intl;1447.38809048125;billion pkm/yr;1916.71448604842;pkm/yr pCap
MEA;2050;trn_freight;5477.01586345644;billion tkm/yr;7252.97915247693;tkm/yr pCap
MEA;2050;trn_pass;10163.6445635665;billion pkm/yr;13459.2822022998;pkm/yr pCap
MEA;2050;trn_shipping_intl;23470.242054702;billion tkm/yr;31080.6432864544;tkm/yr pCap
MEA;2055;trn_aviation_intl;1699.41493332482;billion pkm/yr;2169.86327613275;pkm/yr pCap
MEA;2055;trn_freight;6402.87969102201;billion tkm/yr;8175.38626417928;tkm/yr pCap
MEA;2055;trn_pass;11264.5882846409;billion pkm/yr;14382.9596646987;pkm/yr pCap
MEA;2055;trn_shipping_intl;24352.5158794094;billion tkm/yr;31094.0129170151;tkm/yr pCap
MEA;2060;trn_aviation_intl;1955.30655062849;billion pkm/yr;2424.65496311092;pkm/yr pCap
MEA;2060;trn_freight;7292.72888377462;billion tkm/yr;9043.26294870892;tkm/yr pCap
MEA;2060;trn_pass;12338.8294112914;billion pkm/yr;15300.6207448394;pkm/yr pCap
MEA;2060;trn_shipping_intl;25134.2278952329;billion tkm/yr;31167.4046151734;tkm/yr pCap
MEA;2070;trn_aviation_intl;2342.28027790055;billion pkm/yr;2795.52564205865;pkm/yr pCap
MEA;2070;trn_freight;8644.68057601716;billion tkm/yr;10317.4784186474;tkm/yr pCap
MEA;2070;trn_pass;13947.0734835318;billion pkm/yr;16645.9163417611;pkm/yr pCap
MEA;2070;trn_shipping_intl;26195.8166853856;billion tkm/yr;31264.8652467425;tkm/yr pCap
MEA;2080;trn_aviation_intl;2532.17486306704;billion pkm/yr;2966.71850073642;pkm/yr pCap
MEA;2080;trn_freight;9543.46758795178;billion tkm/yr;11181.2111664602;tkm/yr pCap
MEA;2080;trn_pass;14764.197212316;billion pkm/yr;17297.8642419844;pkm/yr pCap
MEA;2080;trn_shipping_intl;26780.8416871295;billion tkm/yr;31376.6713576277;tkm/yr pCap
MEA;2090;trn_aviation_intl;2692.67029617606;billion pkm/yr;3137.58372145486;pkm/yr pCap
MEA;2090;trn_freight;10418.0384388621;billion tkm/yr;12139.4245191047;tkm/yr pCap
MEA;2090;trn_pass;15562.0709496456;billion pkm/yr;18133.4122313729;pkm/yr pCap
MEA;2090;trn_shipping_intl;27311.223402379;billion tkm/yr;31823.8924691277;tkm/yr pCap
MEA;2100;trn_aviation_intl;2826.09824499138;billion pkm/yr;3312.08937289687;pkm/yr pCap
MEA;2100;trn_freight;11282.3217836707;billion tkm/yr;13222.4908130937;tkm/yr pCap
MEA;2100;trn_pass;16368.6064846781;billion pkm/yr;19183.4405201998;pkm/yr pCap
MEA;2100;trn_shipping_intl;27803.0634083526;billion tkm/yr;32584.2284541893;tkm/yr pCap
MEA;2110;trn_aviation_intl;2908.77978381173;billion pkm/yr;3430.8323300032;pkm/yr pCap
MEA;2110;trn_freight;11868.2630599307;billion tkm/yr;13998.3166940315;tkm/yr pCap
MEA;2110;trn_pass;16868.3938211534;billion pkm/yr;19895.8447108711;pkm/yr pCap
MEA;2110;trn_shipping_intl;28120.4034299097;billion tkm/yr;33167.3060150474;tkm/yr pCap
MEA;2130;trn_aviation_intl;3004.43875613965;billion pkm/yr;3573.52753750802;pkm/yr pCap
MEA;2130;trn_freight;12577.9358347995;billion tkm/yr;14960.398170478;tkm/yr pCap
MEA;2130;trn_pass;17446.626201342;billion pkm/yr;20751.2964075899;pkm/yr pCap
MEA;2130;trn_shipping_intl;28489.1331706812;billion tkm/yr;33885.43091355;tkm/yr pCap
MEA;2150;trn_aviation_intl;3079.13339332697;billion pkm/yr;3689.73332154741;pkm/yr pCap
MEA;2150;trn_freight;13159.3816218647;billion tkm/yr;15768.9202313804;tkm/yr pCap
MEA;2150;trn_pass;17898.1348972549;billion pkm/yr;21447.3802489593;pkm/yr pCap
MEA;2150;trn_shipping_intl;28779.5753802505;billion tkm/yr;34486.6378607131;tkm/yr pCap
NEN;1990;trn_aviation_intl;17.6020765015186;billion pkm/yr;1557.92468389309;pkm/yr pCap
NEN;1990;trn_freight;130.768589847235;billion tkm/yr;11574.0670700598;tkm/yr pCap
NEN;1990;trn_pass;200.416625349727;billion pkm/yr;17738.4757797159;pkm/yr pCap
NEN;1990;trn_shipping_intl;176.41431626378;billion tkm/yr;15614.0792750079;tkm/yr pCap
NEN;2005;trn_aviation_intl;19.8986721011401;billion pkm/yr;1598.14443058812;pkm/yr pCap
NEN;2005;trn_freight;151.788672384427;billion tkm/yr;12190.7743473817;tkm/yr pCap
NEN;2005;trn_pass;203.303640207283;billion pkm/yr;16328.1538920854;pkm/yr pCap
NEN;2005;trn_shipping_intl;258.129442698751;billion tkm/yr;20731.4402249077;tkm/yr pCap
NEN;2010;trn_aviation_intl;25.8132937595279;billion pkm/yr;1966.33687253143;pkm/yr pCap
NEN;2010;trn_freight;156.946022008728;billion tkm/yr;11955.4192869703;tkm/yr pCap
NEN;2010;trn_pass;216.729011541458;billion pkm/yr;16509.4098688572;pkm/yr pCap
NEN;2010;trn_shipping_intl;137.583535355061;billion tkm/yr;10480.4749499288;tkm/yr pCap
NEN;2015;trn_aviation_intl;27.5348204086461;billion pkm/yr;1981.22749760565;pkm/yr pCap
NEN;2015;trn_freight;159.022919565681;billion tkm/yr;11442.2602478325;tkm/yr pCap
NEN;2015;trn_pass;230.023174178814;billion pkm/yr;16550.9791241093;pkm/yr pCap
NEN;2015;trn_shipping_intl;138.718647643115;billion tkm/yr;9981.2962300967;tkm/yr pCap
NEN;2020;trn_aviation_intl;23.8064962822685;billion pkm/yr;1643.89069606461;pkm/yr pCap
NEN;2020;trn_freight;132.060950982069;billion tkm/yr;9119.09783190413;tkm/yr pCap
NEN;2020;trn_pass;197.542634144594;billion pkm/yr;13640.7514359122;pkm/yr pCap
NEN;2020;trn_shipping_intl;113.255132756922;billion tkm/yr;7820.51490539314;tkm/yr pCap
NEN;2025;trn_aviation_intl;26.0821501390601;billion pkm/yr;1740.25070482084;pkm/yr pCap
NEN;2025;trn_freight;135.148683965691;billion tkm/yr;9017.37745059149;tkm/yr pCap
NEN;2025;trn_pass;208.739873874436;billion pkm/yr;13927.5217226125;pkm/yr pCap
NEN;2025;trn_shipping_intl;115.395631172587;billion tkm/yr;7699.41616817086;tkm/yr pCap
NEN;2030;trn_aviation_intl;28.7032996510411;billion pkm/yr;1866.14066087988;pkm/yr pCap
NEN;2030;trn_freight;137.92761007536;billion tkm/yr;8967.34258948792;tkm/yr pCap
NEN;2030;trn_pass;218.579771285897;billion pkm/yr;14210.9305829458;pkm/yr pCap
NEN;2030;trn_shipping_intl;117.315178349395;billion tkm/yr;7627.22847609056;tkm/yr pCap
NEN;2035;trn_aviation_intl;31.3665736453828;billion pkm/yr;2001.9649894743;pkm/yr pCap
NEN;2035;trn_freight;140.600222790297;billion tkm/yr;8973.77975422875;tkm/yr pCap
NEN;2035;trn_pass;227.095764223062;billion pkm/yr;14494.3395594438;pkm/yr pCap
NEN;2035;trn_shipping_intl;119.155268152452;billion tkm/yr;7605.06001865284;tkm/yr pCap
NEN;2040;trn_aviation_intl;33.8597875021643;billion pkm/yr;2122.87946918696;pkm/yr pCap
NEN;2040;trn_freight;143.050770548768;billion tkm/yr;8968.73743906229;tkm/yr pCap
NEN;2040;trn_pass;235.250135950213;billion pkm/yr;14749.2858217208;pkm/yr pCap
NEN;2040;trn_shipping_intl;120.837374820077;billion tkm/yr;7576.04229204314;tkm/yr pCap
NEN;2045;trn_aviation_intl;36.3084594719298;billion pkm/yr;2235.2722770745;pkm/yr pCap
NEN;2045;trn_freight;145.421806719036;billion tkm/yr;8952.66110897519;tkm/yr pCap
NEN;2045;trn_pass;243.50227680462;billion pkm/yr;14990.8284918198;pkm/yr pCap
NEN;2045;trn_shipping_intl;122.460347266528;billion tkm/yr;7539.07555613615;tkm/yr pCap
NEN;2050;trn_aviation_intl;38.7228897781449;billion pkm/yr;2337.92788257533;pkm/yr pCap
NEN;2050;trn_freight;147.735348723716;billion tkm/yr;8919.64915330532;tkm/yr pCap
NEN;2050;trn_pass;252.075482479322;billion pkm/yr;15219.2747591543;pkm/yr pCap
NEN;2050;trn_shipping_intl;124.039716567727;billion tkm/yr;7489.00491600455;tkm/yr pCap
NEN;2055;trn_aviation_intl;41.0269497936219;billion pkm/yr;2436.06518190203;pkm/yr pCap
NEN;2055;trn_freight;149.974294434768;billion tkm/yr;8905.05286624202;tkm/yr pCap
NEN;2055;trn_pass;260.095096470896;billion pkm/yr;15443.7171586833;pkm/yr pCap
NEN;2055;trn_shipping_intl;125.564228779509;billion tkm/yr;7455.65164753476;tkm/yr pCap
NEN;2060;trn_aviation_intl;43.2647878154196;billion pkm/yr;2533.00358291406;pkm/yr pCap
NEN;2060;trn_freight;152.213891352642;billion tkm/yr;8911.59651147345;tkm/yr pCap
NEN;2060;trn_pass;267.710512530047;billion pkm/yr;15673.5239362641;pkm/yr pCap
NEN;2060;trn_shipping_intl;127.085372878799;billion tkm/yr;7440.40872709975;tkm/yr pCap
NEN;2070;trn_aviation_intl;47.1570835386477;billion pkm/yr;2702.70370240219;pkm/yr pCap
NEN;2070;trn_freight;156.620837664069;billion tkm/yr;8976.37610436818;tkm/yr pCap
NEN;2070;trn_pass;281.620181004604;billion pkm/yr;16140.4363619843;pkm/yr pCap
NEN;2070;trn_shipping_intl;130.067676110181;billion tkm/yr;7454.54051452809;tkm/yr pCap
NEN;2080;trn_aviation_intl;50.0341482769428;billion pkm/yr;2820.08353765943;pkm/yr pCap
NEN;2080;trn_freight;160.451849708491;billion tkm/yr;9043.57594827773;tkm/yr pCap
NEN;2080;trn_pass;293.603931234564;billion pkm/yr;16548.4502400983;pkm/yr pCap
NEN;2080;trn_shipping_intl;132.648734017094;billion tkm/yr;7476.50402725772;tkm/yr pCap
NEN;2090;trn_aviation_intl;51.6101184802416;billion pkm/yr;2890.18724795153;pkm/yr pCap
NEN;2090;trn_freight;163.458899299528;billion tkm/yr;9153.76364618407;tkm/yr pCap
NEN;2090;trn_pass;301.588287566507;billion pkm/yr;16889.0645579502;pkm/yr pCap
NEN;2090;trn_shipping_intl;134.667354640842;billion tkm/yr;7541.42564596771;tkm/yr pCap
NEN;2100;trn_aviation_intl;52.0169147452934;billion pkm/yr;2921.39978064593;pkm/yr pCap
NEN;2100;trn_freight;165.733415804587;billion tkm/yr;9308.00234785224;tkm/yr pCap
NEN;2100;trn_pass;305.779248944081;billion pkm/yr;17173.3259299494;pkm/yr pCap
NEN;2100;trn_shipping_intl;136.190038320735;billion tkm/yr;7648.77251994949;tkm/yr pCap
NEN;2110;trn_aviation_intl;52.2085178046391;billion pkm/yr;2942.19623939348;pkm/yr pCap
NEN;2110;trn_freight;167.212627054712;billion tkm/yr;9423.22025575228;tkm/yr pCap
NEN;2110;trn_pass;308.122718469587;billion pkm/yr;17364.1685624019;pkm/yr pCap
NEN;2110;trn_shipping_intl;137.178392003282;billion tkm/yr;7730.64944284316;tkm/yr pCap
NEN;2130;trn_aviation_intl;52.4398084273282;billion pkm/yr;2968.48335122019;pkm/yr pCap
NEN;2130;trn_freight;169.07890731092;billion tkm/yr;9571.12423647615;tkm/yr pCap
NEN;2130;trn_pass;311.026805212287;billion pkm/yr;17606.4314639015;pkm/yr pCap
NEN;2130;trn_shipping_intl;138.423247719707;billion tkm/yr;7835.78580091917;tkm/yr pCap
NEN;2150;trn_aviation_intl;52.6269041369676;billion pkm/yr;2990.8756001455;pkm/yr pCap
NEN;2150;trn_freight;170.665339693607;billion tkm/yr;9699.19870170731;tkm/yr pCap
NEN;2150;trn_pass;313.446891864818;billion pkm/yr;17813.7147946234;pkm/yr pCap
NEN;2150;trn_shipping_intl;139.479593925671;billion tkm/yr;7926.86024442495;tkm/yr pCap
NES;1990;trn_aviation_intl;9.26621466380426;billion pkm/yr;124.694490286466;pkm/yr pCap
NES;1990;trn_freight;223.130584817834;billion tkm/yr;3002.64515237963;tkm/yr pCap
NES;1990;trn_pass;255.774631455516;billion pkm/yr;3441.93270442325;pkm/yr pCap
NES;1990;trn_shipping_intl;36.0249570439282;billion tkm/yr;484.784112948687;tkm/yr pCap
NES;2005;trn_aviation_intl;21.7597308783885;billion pkm/yr;247.972906145054;pkm/yr pCap
NES;2005;trn_freight;259.816565633776;billion tkm/yr;2960.85779759451;tkm/yr pCap
NES;2005;trn_pass;309.177204957639;billion pkm/yr;3523.36940450381;pkm/yr pCap
NES;2005;trn_shipping_intl;348.130625794101;billion tkm/yr;3967.28082156561;tkm/yr pCap
NES;2010;trn_aviation_intl;20.3112414274388;billion pkm/yr;221.388207869522;pkm/yr pCap
NES;2010;trn_freight;309.922665239714;billion tkm/yr;3378.09107733195;tkm/yr pCap
NES;2010;trn_pass;356.182445542107;billion pkm/yr;3882.31283522752;pkm/yr pCap
NES;2010;trn_shipping_intl;80.5662653730452;billion tkm/yr;878.155142284079;tkm/yr pCap
NES;2015;trn_aviation_intl;29.6287144007035;billion pkm/yr;307.536760595273;pkm/yr pCap
NES;2015;trn_freight;412.275599709875;billion tkm/yr;4279.29138917475;tkm/yr pCap
NES;2015;trn_pass;453.336834745321;billion pkm/yr;4705.49412743944;pkm/yr pCap
NES;2015;trn_shipping_intl;88.6063126573207;billion tkm/yr;919.705728517108;tkm/yr pCap
NES;2020;trn_aviation_intl;37.6710487209571;billion pkm/yr;372.710777283389;pkm/yr pCap
NES;2020;trn_freight;412.21535721489;billion tkm/yr;4078.38675619987;tkm/yr pCap
NES;2020;trn_pass;470.529745580072;billion pkm/yr;4655.33913083076;pkm/yr pCap
NES;2020;trn_shipping_intl;95.3659745050673;billion tkm/yr;943.534297318294;tkm/yr pCap
NES;2025;trn_aviation_intl;64.9376307136886;billion pkm/yr;628.63730871956;pkm/yr pCap
NES;2025;trn_freight;497.160184803006;billion tkm/yr;4812.82481578435;tkm/yr pCap
NES;2025;trn_pass;624.179879308478;billion pkm/yr;6042.45574057676;pkm/yr pCap
NES;2025;trn_shipping_intl;136.816482891946;billion tkm/yr;1324.47002837045;tkm/yr pCap
NES;2030;trn_aviation_intl;106.557298425772;billion pkm/yr;1012.52209419531;pkm/yr pCap
NES;2030;trn_freight;558.904703715935;billion tkm/yr;5310.7893069969;tkm/yr pCap
NES;2030;trn_pass;794.528096812671;billion pkm/yr;7549.71517077434;pkm/yr pCap
NES;2030;trn_shipping_intl;199.164688609283;billion tkm/yr;1892.49024308648;tkm/yr pCap
NES;2035;trn_aviation_intl;162.353705621113;billion pkm/yr;1515.03131140282;pkm/yr pCap
NES;2035;trn_freight;615.438966838995;billion tkm/yr;5743.07375031188;tkm/yr pCap
NES;2035;trn_pass;989.826934233506;billion pkm/yr;9236.73896137177;pkm/yr pCap
NES;2035;trn_shipping_intl;290.957909794457;billion tkm/yr;2715.12339033175;tkm/yr pCap
NES;2040;trn_aviation_intl;211.464391492652;billion pkm/yr;1946.88352936049;pkm/yr pCap
NES;2040;trn_freight;652.459280112668;billion tkm/yr;6006.97931724308;tkm/yr pCap
NES;2040;trn_pass;1153.02230923879;billion pkm/yr;10615.4995032352;pkm/yr pCap
NES;2040;trn_shipping_intl;390.679165890516;billion tkm/yr;3596.85537582798;tkm/yr pCap
NES;2045;trn_aviation_intl;254.923178525698;billion pkm/yr;2325.76298139501;pkm/yr pCap
NES;2045;trn_freight;686.713969182435;billion tkm/yr;6265.15775288886;tkm/yr pCap
NES;2045;trn_pass;1308.5908542826;billion pkm/yr;11938.7816529039;pkm/yr pCap
NES;2045;trn_shipping_intl;499.290122282755;billion tkm/yr;4555.21734075807;tkm/yr pCap
NES;2050;trn_aviation_intl;289.868699739695;billion pkm/yr;2634.61987060357;pkm/yr pCap
NES;2050;trn_freight;718.563882224776;billion tkm/yr;6531.03520355079;tkm/yr pCap
NES;2050;trn_pass;1455.01940642528;billion pkm/yr;13224.6877421547;pkm/yr pCap
NES;2050;trn_shipping_intl;612.972325981201;billion tkm/yr;5571.31236180521;tkm/yr pCap
NES;2055;trn_aviation_intl;321.474766546013;billion pkm/yr;2925.47734833171;pkm/yr pCap
NES;2055;trn_freight;746.686262713521;billion tkm/yr;6794.97732076652;tkm/yr pCap
NES;2055;trn_pass;1584.75390878287;billion pkm/yr;14421.5414249655;pkm/yr pCap
NES;2055;trn_shipping_intl;725.113673406302;billion tkm/yr;6598.66293490911;tkm/yr pCap
NES;2060;trn_aviation_intl;348.943122365078;billion pkm/yr;3195.8609286831;pkm/yr pCap
NES;2060;trn_freight;771.300445256364;billion tkm/yr;7064.09956030527;tkm/yr pCap
NES;2060;trn_pass;1695.53935438462;billion pkm/yr;15528.9146809809;pkm/yr pCap
NES;2060;trn_shipping_intl;831.540300321618;billion tkm/yr;7615.81755333439;tkm/yr pCap
NES;2070;trn_aviation_intl;383.431622286279;billion pkm/yr;3596.83756200037;pkm/yr pCap
NES;2070;trn_freight;807.79526865279;billion tkm/yr;7577.64408520071;tkm/yr pCap
NES;2070;trn_pass;1834.56234067466;billion pkm/yr;17209.3858545742;pkm/yr pCap
NES;2070;trn_shipping_intl;995.415536574271;billion tkm/yr;9337.64401172922;tkm/yr pCap
NES;2080;trn_aviation_intl;396.751967952165;billion pkm/yr;3849.60672313685;pkm/yr pCap
NES;2080;trn_freight;830.584749744622;billion tkm/yr;8059.00132834963;tkm/yr pCap
NES;2080;trn_pass;1888.59993880733;billion pkm/yr;18324.7157141388;pkm/yr pCap
NES;2080;trn_shipping_intl;1097.97256041213;billion tkm/yr;10653.4129425967;tkm/yr pCap
NES;2090;trn_aviation_intl;395.496752274801;billion pkm/yr;3997.27992865579;pkm/yr pCap
NES;2090;trn_freight;845.691387275228;billion tkm/yr;8547.39056325679;tkm/yr pCap
NES;2090;trn_pass;1885.80376433808;billion pkm/yr;19059.7912453514;pkm/yr pCap
NES;2090;trn_shipping_intl;1161.4018527726;billion tkm/yr;11738.2716507514;tkm/yr pCap
NES;2100;trn_aviation_intl;384.0039458008;billion pkm/yr;4060.83237658499;pkm/yr pCap
NES;2100;trn_freight;857.124199609821;billion tkm/yr;9064.06754042996;tkm/yr pCap
NES;2100;trn_pass;1844.73396950606;billion pkm/yr;19508.0168093959;pkm/yr pCap
NES;2100;trn_shipping_intl;1203.61164231945;billion tkm/yr;12728.1638103294;tkm/yr pCap
NES;2110;trn_aviation_intl;374.990278334199;billion pkm/yr;4104.56053832742;pkm/yr pCap
NES;2110;trn_freight;863.829722900059;billion tkm/yr;9455.28883628804;tkm/yr pCap
NES;2110;trn_pass;1810.40988289818;billion pkm/yr;19816.3456304839;pkm/yr pCap
NES;2110;trn_shipping_intl;1228.82126431087;billion tkm/yr;13450.4054146515;tkm/yr pCap
NES;2130;trn_aviation_intl;362.549232508561;billion pkm/yr;4158.59184915593;pkm/yr pCap
NES;2130;trn_freight;870.631684384486;billion tkm/yr;9986.51080088201;tkm/yr pCap
NES;2130;trn_pass;1760.76395705717;billion pkm/yr;20196.7015333085;pkm/yr pCap
NES;2130;trn_shipping_intl;1254.7382105553;billion tkm/yr;14392.3738553675;tkm/yr pCap
NES;2150;trn_aviation_intl;351.01471805659;billion pkm/yr;4203.56059577877;pkm/yr pCap
NES;2150;trn_freight;874.858315294917;billion tkm/yr;10476.8254773586;tkm/yr pCap
NES;2150;trn_pass;1712.85106359132;billion pkm/yr;20512.1690543741;pkm/yr pCap
NES;2150;trn_shipping_intl;1271.01844965138;billion tkm/yr;15221.0229275942;tkm/yr pCap
OAS;1990;trn_aviation_intl;100.371500894069;billion pkm/yr;128.064141991974;pkm/yr pCap
OAS;1990;trn_freight;801.950345552159;billion tkm/yr;1023.20959643409;tkm/yr pCap
OAS;1990;trn_pass;2117.13108145328;billion pkm/yr;2701.25058423705;pkm/yr pCap
OAS;1990;trn_shipping_intl;5944.40969861009;billion tkm/yr;7584.48086279693;tkm/yr pCap
OAS;2005;trn_aviation_intl;263.556203663086;billion pkm/yr;255.048888578979;pkm/yr pCap
OAS;2005;trn_freight;1312.92418379848;billion tkm/yr;1270.54438185158;tkm/yr pCap
OAS;2005;trn_pass;4396.88678418535;billion pkm/yr;4254.95993616462;pkm/yr pCap
OAS;2005;trn_shipping_intl;15297.5102015957;billion tkm/yr;14803.7227760731;tkm/yr pCap
OAS;2010;trn_aviation_intl;339.661524632474;billion pkm/yr;306.747452572865;pkm/yr pCap
OAS;2010;trn_freight;1556.00402847771;billion tkm/yr;1405.22325113246;tkm/yr pCap
OAS;2010;trn_pass;5427.02485473727;billion pkm/yr;4901.13224051967;pkm/yr pCap
OAS;2010;trn_shipping_intl;25830.7478054044;billion tkm/yr;23327.6821563274;tkm/yr pCap
OAS;2015;trn_aviation_intl;433.947871922974;billion pkm/yr;367.617810633073;pkm/yr pCap
OAS;2015;trn_freight;2192.18510776028;billion tkm/yr;1857.10391030632;tkm/yr pCap
OAS;2015;trn_pass;6599.52086445551;billion pkm/yr;5590.76692937223;pkm/yr pCap
OAS;2015;trn_shipping_intl;27038.7024605212;billion tkm/yr;22905.7664388321;tkm/yr pCap
OAS;2020;trn_aviation_intl;493.154317977925;billion pkm/yr;394.435899710163;pkm/yr pCap
OAS;2020;trn_freight;2770.75679437052;billion tkm/yr;2216.11351502858;tkm/yr pCap
OAS;2020;trn_pass;7446.14064448872;billion pkm/yr;5955.59052695711;pkm/yr pCap
OAS;2020;trn_shipping_intl;25545.5859488192;billion tkm/yr;20431.9333928996;tkm/yr pCap
OAS;2025;trn_aviation_intl;643.087584339405;billion pkm/yr;487.274878256136;pkm/yr pCap
OAS;2025;trn_freight;3697.68030047639;billion tkm/yr;2801.77500253808;tkm/yr pCap
OAS;2025;trn_pass;8888.17259813414;billion pkm/yr;6734.67086932525;pkm/yr pCap
OAS;2025;trn_shipping_intl;27018.9605706211;billion tkm/yr;20472.5779866841;tkm/yr pCap
OAS;2030;trn_aviation_intl;930.626105725927;billion pkm/yr;670.769354065811;pkm/yr pCap
OAS;2030;trn_freight;5158.1333036681;billion tkm/yr;3717.8386926809;tkm/yr pCap
OAS;2030;trn_pass;11043.6745023164;billion pkm/yr;7959.97271820939;pkm/yr pCap
OAS;2030;trn_shipping_intl;28787.9888159742;billion tkm/yr;20749.5798195798;tkm/yr pCap
OAS;2035;trn_aviation_intl;1272.15638716151;billion pkm/yr;878.233098116319;pkm/yr pCap
OAS;2035;trn_freight;6767.2454930696;billion tkm/yr;4671.76758696547;tkm/yr pCap
OAS;2035;trn_pass;13309.7689370776;billion pkm/yr;9188.39831862432;pkm/yr pCap
OAS;2035;trn_shipping_intl;30398.625621028;billion tkm/yr;20985.689673894;tkm/yr pCap
OAS;2040;trn_aviation_intl;1638.0132867242;billion pkm/yr;1090.6642247711;pkm/yr pCap
OAS;2040;trn_freight;8348.56287645133;billion tkm/yr;5558.85531051294;tkm/yr pCap
OAS;2040;trn_pass;15510.8905793465;billion pkm/yr;10327.8609437072;pkm/yr pCap
OAS;2040;trn_shipping_intl;31784.3386987034;billion tkm/yr;21163.4676028854;tkm/yr pCap
OAS;2045;trn_aviation_intl;2025.04125963566;billion pkm/yr;1308.80431212268;pkm/yr pCap
OAS;2045;trn_freight;9852.79923788248;billion tkm/yr;6367.96216751642;tkm/yr pCap
OAS;2045;trn_pass;17648.7975299905;billion pkm/yr;11406.593421799;pkm/yr pCap
OAS;2045;trn_shipping_intl;32999.0109632854;billion tkm/yr;21327.5890745565;tkm/yr pCap
OAS;2050;trn_aviation_intl;2428.9669829662;billion pkm/yr;1532.21138374797;pkm/yr pCap
OAS;2050;trn_freight;11231.7219654483;billion tkm/yr;7085.05812357169;tkm/yr pCap
OAS;2050;trn_pass;19714.7452043095;billion pkm/yr;12436.2155770621;pkm/yr pCap
OAS;2050;trn_shipping_intl;34070.0505646288;billion tkm/yr;21491.6545535933;tkm/yr pCap
OAS;2055;trn_aviation_intl;2861.8953340555;billion pkm/yr;1771.35029665332;pkm/yr pCap
OAS;2055;trn_freight;12619.3091000522;billion tkm/yr;7810.63397111082;tkm/yr pCap
OAS;2055;trn_pass;21766.1363421484;billion pkm/yr;13471.999345282;pkm/yr pCap
OAS;2055;trn_shipping_intl;34810.8776669284;billion tkm/yr;21545.9516455119;tkm/yr pCap
OAS;2060;trn_aviation_intl;3296.80928365489;billion pkm/yr;2012.23575729466;pkm/yr pCap
OAS;2060;trn_freight;14008.6523202548;billion tkm/yr;8550.3008166354;tkm/yr pCap
OAS;2060;trn_pass;23751.7788542161;billion pkm/yr;14497.1014692192;pkm/yr pCap
OAS;2060;trn_shipping_intl;35283.2212079491;billion tkm/yr;21535.4159851379;tkm/yr pCap
OAS;2070;trn_aviation_intl;4020.57872917397;billion pkm/yr;2418.79853644192;pkm/yr pCap
OAS;2070;trn_freight;16508.4631627136;billion tkm/yr;9931.56687795562;tkm/yr pCap
OAS;2070;trn_pass;27150.3021770431;billion pkm/yr;16333.745859338;pkm/yr pCap
OAS;2070;trn_shipping_intl;35206.6676070091;billion tkm/yr;21180.4921174436;tkm/yr pCap
OAS;2080;trn_aviation_intl;4406.16547063465;billion pkm/yr;2654.84835093689;pkm/yr pCap
OAS;2080;trn_freight;18711.8882838558;billion tkm/yr;11274.4802900365;tkm/yr pCap
OAS;2080;trn_pass;29073.8372101651;billion pkm/yr;17517.8688333955;pkm/yr pCap
OAS;2080;trn_shipping_intl;34248.1931201582;billion tkm/yr;20635.5752260306;tkm/yr pCap
OAS;2090;trn_aviation_intl;4456.69105026366;billion pkm/yr;2724.82699806117;pkm/yr pCap
OAS;2090;trn_freight;20773.391938263;billion tkm/yr;12700.8802172492;tkm/yr pCap
OAS;2090;trn_pass;29627.7627405488;billion pkm/yr;18114.4546249896;pkm/yr pCap
OAS;2090;trn_shipping_intl;32775.1326807203;billion tkm/yr;20038.7609071938;tkm/yr pCap
OAS;2100;trn_aviation_intl;4431.47281121889;billion pkm/yr;2773.00093244426;pkm/yr pCap
OAS;2100;trn_freight;23307.4942492088;billion tkm/yr;14584.7004008174;tkm/yr pCap
OAS;2100;trn_pass;29988.3889110419;billion pkm/yr;18765.2805185434;pkm/yr pCap
OAS;2100;trn_shipping_intl;31194.7720922915;billion tkm/yr;19520.1766510484;tkm/yr pCap
OAS;2110;trn_aviation_intl;4401.10063511978;billion pkm/yr;2804.65755515334;pkm/yr pCap
OAS;2110;trn_freight;25056.8218920805;billion tkm/yr;15967.7795747205;tkm/yr pCap
OAS;2110;trn_pass;30128.8220389729;billion pkm/yr;19199.976407078;pkm/yr pCap
OAS;2110;trn_shipping_intl;30237.0974919878;billion tkm/yr;19268.9763215341;tkm/yr pCap
OAS;2130;trn_aviation_intl;4352.27020465435;billion pkm/yr;2841.72990119069;pkm/yr pCap
OAS;2130;trn_freight;27185.8794620863;billion tkm/yr;17750.4894974029;tkm/yr pCap
OAS;2130;trn_pass;30196.4844155647;billion pkm/yr;19716.2052537048;pkm/yr pCap
OAS;2130;trn_shipping_intl;29190.1298713278;billion tkm/yr;19059.125691756;tkm/yr pCap
OAS;2150;trn_aviation_intl;4302.23432317559;billion pkm/yr;2871.16963967697;pkm/yr pCap
OAS;2150;trn_freight;28928.1616756999;billion tkm/yr;19305.7033382667;tkm/yr pCap
OAS;2150;trn_pass;30166.0283940026;billion pkm/yr;20131.8148590668;pkm/yr pCap
OAS;2150;trn_shipping_intl;28414.9247603307;billion tkm/yr;18963.185906933;tkm/yr pCap
REF;1990;trn_aviation_intl;149.537352448142;billion pkm/yr;536.096824257121;pkm/yr pCap
REF;1990;trn_freight;4312.44893926248;billion tkm/yr;15460.2856293805;tkm/yr pCap
REF;1990;trn_pass;2589.30148684276;billion pkm/yr;9282.7396059592;pkm/yr pCap
REF;1990;trn_shipping_intl;1655.67;billion tkm/yr;5935.63691269444;tkm/yr pCap
REF;2005;trn_aviation_intl;80.8743739169062;billion pkm/yr;292.16565228522;pkm/yr pCap
REF;2005;trn_freight;2885.95881615929;billion tkm/yr;10425.7751764209;tkm/yr pCap
REF;2005;trn_pass;1816.540266158;billion pkm/yr;6562.40841270331;pkm/yr pCap
REF;2005;trn_shipping_intl;9433.94;billion tkm/yr;34080.9220551314;tkm/yr pCap
REF;2010;trn_aviation_intl;95.7530300575763;billion pkm/yr;341.882750165549;pkm/yr pCap
REF;2010;trn_freight;3059.03522959775;billion tkm/yr;10922.1752723577;tkm/yr pCap
REF;2010;trn_pass;2175.94518979954;billion pkm/yr;7769.13404464428;pkm/yr pCap
REF;2010;trn_shipping_intl;9544.81534961461;billion tkm/yr;34079.4199367521;tkm/yr pCap
REF;2015;trn_aviation_intl;106.187169426965;billion pkm/yr;370.13164889385;pkm/yr pCap
REF;2015;trn_freight;3166.61777006219;billion tkm/yr;11037.7314224938;tkm/yr pCap
REF;2015;trn_pass;2345.43294877174;billion pkm/yr;8175.36590704525;pkm/yr pCap
REF;2015;trn_shipping_intl;9626.52657062279;billion tkm/yr;33554.7333254395;tkm/yr pCap
REF;2020;trn_aviation_intl;91.1309128118937;billion pkm/yr;311.875375327778;pkm/yr pCap
REF;2020;trn_freight;3275.38303309689;billion tkm/yr;11209.2733548918;tkm/yr pCap
REF;2020;trn_pass;2533.42713567609;billion pkm/yr;8670.09354372931;pkm/yr pCap
REF;2020;trn_shipping_intl;7341.03055321288;billion tkm/yr;25123.0519747098;tkm/yr pCap
REF;2025;trn_aviation_intl;124.483854406728;billion pkm/yr;423.197711494364;pkm/yr pCap
REF;2025;trn_freight;3407.87081668575;billion tkm/yr;11585.4633322784;tkm/yr pCap
REF;2025;trn_pass;2804.82367553898;billion pkm/yr;9535.332644465;pkm/yr pCap
REF;2025;trn_shipping_intl;7420.43691688747;billion tkm/yr;25226.6604089449;tkm/yr pCap
REF;2030;trn_aviation_intl;163.569200285054;billion pkm/yr;550.744418994188;pkm/yr pCap
REF;2030;trn_freight;3476.79564151824;billion tkm/yr;11706.5180499293;tkm/yr pCap
REF;2030;trn_pass;3039.8432050128;billion pkm/yr;10235.280706029;pkm/yr pCap
REF;2030;trn_shipping_intl;7425.42985349079;billion tkm/yr;25001.736533015;tkm/yr pCap
REF;2035;trn_aviation_intl;217.570525221961;billion pkm/yr;725.898164582044;pkm/yr pCap
REF;2035;trn_freight;3586.87322130252;billion tkm/yr;11967.1756331688;tkm/yr pCap
REF;2035;trn_pass;3353.33214787408;billion pkm/yr;11187.9936351326;pkm/yr pCap
REF;2035;trn_shipping_intl;7405.41540964423;billion tkm/yr;24707.2872042033;tkm/yr pCap
REF;2040;trn_aviation_intl;270.177901259071;billion pkm/yr;893.913762757588;pkm/yr pCap
REF;2040;trn_freight;3713.20427322047;billion tkm/yr;12285.5510694756;tkm/yr pCap
REF;2040;trn_pass;3665.62589215013;billion pkm/yr;12128.1326816271;pkm/yr pCap
REF;2040;trn_shipping_intl;7368.05816969034;billion tkm/yr;24378.0434002596;tkm/yr pCap
REF;2045;trn_aviation_intl;319.56135238647;billion pkm/yr;1048.77366100374;pkm/yr pCap
REF;2045;trn_freight;3857.03219744337;billion tkm/yr;12658.4574389642;tkm/yr pCap
REF;2045;trn_pass;3982.8387287058;billion pkm/yr;13071.3439641493;pkm/yr pCap
REF;2045;trn_shipping_intl;7316.71863021823;billion tkm/yr;24012.8592742592;tkm/yr pCap
REF;2050;trn_aviation_intl;364.474697535071;billion pkm/yr;1188.04528920312;pkm/yr pCap
REF;2050;trn_freight;4019.42539221814;billion tkm/yr;13101.758324578;tkm/yr pCap
REF;2050;trn_pass;4309.48760903046;billion pkm/yr;14047.2479637498;pkm/yr pCap
REF;2050;trn_shipping_intl;7252.93456152788;billion tkm/yr;23641.7364415058;tkm/yr pCap
REF;2055;trn_aviation_intl;409.500168918299;billion pkm/yr;1330.48890716234;pkm/yr pCap
REF;2055;trn_freight;4156.84136911703;billion tkm/yr;13505.8096436272;tkm/yr pCap
REF;2055;trn_pass;4643.51169464759;billion pkm/yr;15087.0286972698;pkm/yr pCap
REF;2055;trn_shipping_intl;7179.39999535596;billion tkm/yr;23326.2713398495;tkm/yr pCap
REF;2060;trn_aviation_intl;452.924603683208;billion pkm/yr;1471.94430585658;pkm/yr pCap
REF;2060;trn_freight;4276.92915737981;billion tkm/yr;13899.4469908736;tkm/yr pCap
REF;2060;trn_pass;4975.99223116226;billion pkm/yr;16171.3083614437;pkm/yr pCap
REF;2060;trn_shipping_intl;7089.54749211513;billion tkm/yr;23040.0799101158;tkm/yr pCap
REF;2070;trn_aviation_intl;501.843071178383;billion pkm/yr;1644.12564362448;pkm/yr pCap
REF;2070;trn_freight;4386.02488821837;billion tkm/yr;14369.3843881562;tkm/yr pCap
REF;2070;trn_pass;5467.00963207589;billion pkm/yr;17910.8794088401;pkm/yr pCap
REF;2070;trn_shipping_intl;6850.23056364062;billion tkm/yr;22442.5530235493;tkm/yr pCap
REF;2080;trn_aviation_intl;534.588377825101;billion pkm/yr;1773.39701297019;pkm/yr pCap
REF;2080;trn_freight;4499.97062942151;billion tkm/yr;14927.811384782;tkm/yr pCap
REF;2080;trn_pass;5947.13816236408;billion pkm/yr;19728.5191566734;pkm/yr pCap
REF;2080;trn_shipping_intl;6657.21569363217;billion tkm/yr;22084.0686320495;tkm/yr pCap
REF;2090;trn_aviation_intl;555.314219511755;billion pkm/yr;1870.67024663247;pkm/yr pCap
REF;2090;trn_freight;4638.62978368496;billion tkm/yr;15626.0121145682;tkm/yr pCap
REF;2090;trn_pass;6468.67092998841;billion pkm/yr;21790.8164761655;pkm/yr pCap
REF;2090;trn_shipping_intl;6501.81379134018;billion tkm/yr;21902.4638326361;tkm/yr pCap
REF;2100;trn_aviation_intl;562.447910576426;billion pkm/yr;1933.29544823536;pkm/yr pCap
REF;2100;trn_freight;4804.31856486898;billion tkm/yr;16513.8265049555;tkm/yr pCap
REF;2100;trn_pass;7039.09000567676;billion pkm/yr;24195.3795396751;pkm/yr pCap
REF;2100;trn_shipping_intl;6378.01446246015;billion tkm/yr;21923.0725142466;tkm/yr pCap
REF;2110;trn_aviation_intl;565.32400439364;billion pkm/yr;1975.17589257405;pkm/yr pCap
REF;2110;trn_freight;4912.40021131625;billion tkm/yr;17163.3512758311;tkm/yr pCap
REF;2110;trn_pass;7417.28325219156;billion pkm/yr;25915.1193904033;pkm/yr pCap
REF;2110;trn_shipping_intl;6300.45470931061;billion tkm/yr;22013.0512013776;tkm/yr pCap
REF;2130;trn_aviation_intl;567.02572704592;billion pkm/yr;2024.60469070479;pkm/yr pCap
REF;2130;trn_freight;5037.37194083186;billion tkm/yr;17986.2859369112;tkm/yr pCap
REF;2130;trn_pass;7859.85558499243;billion pkm/yr;28064.1595726912;pkm/yr pCap
REF;2130;trn_shipping_intl;6213.71898130792;billion tkm/yr;22186.5146433799;tkm/yr pCap
REF;2150;trn_aviation_intl;566.915218046342;billion pkm/yr;2064.07109421591;pkm/yr pCap
REF;2150;trn_freight;5134.74664378616;billion tkm/yr;18695.0037433901;tkm/yr pCap
REF;2150;trn_pass;8206.33865602209;billion pkm/yr;29878.3060853681;pkm/yr pCap
REF;2150;trn_shipping_intl;6148.21143909666;billion tkm/yr;22384.9089045439;tkm/yr pCap
SSA;1990;trn_aviation_intl;32.5691080790284;billion pkm/yr;65.5479915905689;pkm/yr pCap
SSA;1990;trn_freight;254.711844130915;billion tkm/yr;512.628401631366;tkm/yr pCap
SSA;1990;trn_pass;1648.35435623179;billion pkm/yr;3317.44784715585;pkm/yr pCap
SSA;1990;trn_shipping_intl;2264.56231198879;billion tkm/yr;4557.61671527446;tkm/yr pCap
SSA;2005;trn_aviation_intl;52.9205805945693;billion pkm/yr;71.5824677776626;pkm/yr pCap
SSA;2005;trn_freight;410.291668482844;billion tkm/yr;554.976718105593;tkm/yr pCap
SSA;2005;trn_pass;2636.39555487144;billion pkm/yr;3566.0927702506;pkm/yr pCap
SSA;2005;trn_shipping_intl;2182.36282739526;billion tkm/yr;2951.95016789405;tkm/yr pCap
SSA;2010;trn_aviation_intl;59.8128698984535;billion pkm/yr;70.527065007198;pkm/yr pCap
SSA;2010;trn_freight;397.594349693198;billion tkm/yr;468.81486534442;tkm/yr pCap
SSA;2010;trn_pass;2818.21431489711;billion pkm/yr;3323.03707426858;pkm/yr pCap
SSA;2010;trn_shipping_intl;2692.77896836809;billion tkm/yr;3175.13267085387;tkm/yr pCap
SSA;2015;trn_aviation_intl;75.1979349646282;billion pkm/yr;77.3075484558458;pkm/yr pCap
SSA;2015;trn_freight;553.504083381883;billion tkm/yr;569.032165134337;tkm/yr pCap
SSA;2015;trn_pass;3455.51450228654;billion pkm/yr;3552.45599431755;pkm/yr pCap
SSA;2015;trn_shipping_intl;3006.72873688082;billion tkm/yr;3091.07992964615;tkm/yr pCap
SSA;2020;trn_aviation_intl;70.8276136137932;billion pkm/yr;63.8534975449756;pkm/yr pCap
SSA;2020;trn_freight;588.679219698765;billion tkm/yr;530.714296189319;tkm/yr pCap
SSA;2020;trn_pass;3490.09198137477;billion pkm/yr;3146.43637409031;pkm/yr pCap
SSA;2020;trn_shipping_intl;2732.24299313029;billion tkm/yr;2463.20978997584;tkm/yr pCap
SSA;2025;trn_aviation_intl;88.5063634375854;billion pkm/yr;70.3944716032963;pkm/yr pCap
SSA;2025;trn_freight;792.296261688205;billion tkm/yr;630.161205687085;tkm/yr pCap
SSA;2025;trn_pass;4160.31931692218;billion pkm/yr;3308.95394004354;pkm/yr pCap
SSA;2025;trn_shipping_intl;3169.49218087349;billion tkm/yr;2520.88910511738;tkm/yr pCap
SSA;2030;trn_aviation_intl;124.772424728644;billion pkm/yr;88.1086009448908;pkm/yr pCap
SSA;2030;trn_freight;1140.90213141726;billion tkm/yr;805.653098694185;tkm/yr pCap
SSA;2030;trn_pass;5170.75377938546;billion pkm/yr;3651.35070768222;pkm/yr pCap
SSA;2030;trn_shipping_intl;3892.11989182384;billion tkm/yr;2748.43771870415;tkm/yr pCap
SSA;2035;trn_aviation_intl;196.216775360823;billion pkm/yr;124.11087343755;pkm/yr pCap
SSA;2035;trn_freight;1761.68627574099;billion tkm/yr;1114.30035481469;tkm/yr pCap
SSA;2035;trn_pass;6710.95091504353;billion pkm/yr;4244.80515557834;pkm/yr pCap
SSA;2035;trn_shipping_intl;5058.22518318601;billion tkm/yr;3199.42443440222;tkm/yr pCap
SSA;2040;trn_aviation_intl;295.119231944516;billion pkm/yr;168.615276430198;pkm/yr pCap
SSA;2040;trn_freight;2620.05907298218;billion tkm/yr;1496.96101451428;tkm/yr pCap
SSA;2040;trn_pass;8515.07975800121;billion pkm/yr;4865.05917544027;pkm/yr pCap
SSA;2040;trn_shipping_intl;6533.25608889254;billion tkm/yr;3732.75158707717;tkm/yr pCap
SSA;2045;trn_aviation_intl;428.203881647578;billion pkm/yr;222.922359837479;pkm/yr pCap
SSA;2045;trn_freight;3778.56840091649;billion tkm/yr;1967.11758309769;tkm/yr pCap
SSA;2045;trn_pass;10588.6024976471;billion pkm/yr;5512.41209461805;pkm/yr pCap
SSA;2045;trn_shipping_intl;8410.13778319488;billion tkm/yr;4378.30631981789;tkm/yr pCap
SSA;2050;trn_aviation_intl;600.272768747869;billion pkm/yr;287.249595808525;pkm/yr pCap
SSA;2050;trn_freight;5295.64896311895;billion tkm/yr;2534.13631834878;tkm/yr pCap
SSA;2050;trn_pass;12906.7137394022;billion pkm/yr;6176.27268448828;pkm/yr pCap
SSA;2050;trn_shipping_intl;10795.1789639122;billion tkm/yr;5165.83619232434;tkm/yr pCap
SSA;2055;trn_aviation_intl;829.72466335302;billion pkm/yr;368.338461109751;pkm/yr pCap
SSA;2055;trn_freight;7316.89554112081;billion tkm/yr;3248.17877876021;tkm/yr pCap
SSA;2055;trn_pass;15580.1223623334;billion pkm/yr;6916.46102413356;pkm/yr pCap
SSA;2055;trn_shipping_intl;13671.7102647613;billion tkm/yr;6069.26242171733;tkm/yr pCap
SSA;2060;trn_aviation_intl;1129.38712132482;billion pkm/yr;469.061397053422;pkm/yr pCap
SSA;2060;trn_freight;9961.38959634841;billion tkm/yr;4137.20258751983;tkm/yr pCap
SSA;2060;trn_pass;18622.5413643745;billion pkm/yr;7734.38540614131;pkm/yr pCap
SSA;2060;trn_shipping_intl;17086.41869748;billion tkm/yr;7096.3970400851;tkm/yr pCap
SSA;2070;trn_aviation_intl;1981.38246667005;billion pkm/yr;737.849290464621;pkm/yr pCap
SSA;2070;trn_freight;16748.3098443061;billion tkm/yr;6236.92232215596;tkm/yr pCap
SSA;2070;trn_pass;25520.0651651361;billion pkm/yr;9503.44635195676;pkm/yr pCap
SSA;2070;trn_shipping_intl;25118.1241601051;billion tkm/yr;9353.7670798528;tkm/yr pCap
SSA;2080;trn_aviation_intl;3259.51805491474;billion pkm/yr;1120.8484581702;pkm/yr pCap
SSA;2080;trn_freight;23933.6863607529;billion tkm/yr;8230.06193057602;tkm/yr pCap
SSA;2080;trn_pass;32814.8585550446;billion pkm/yr;11284.0251217621;pkm/yr pCap
SSA;2080;trn_shipping_intl;33844.920997039;billion tkm/yr;11638.2320567989;tkm/yr pCap
SSA;2090;trn_aviation_intl;4933.66437438059;billion pkm/yr;1608.71813689149;pkm/yr pCap
SSA;2090;trn_freight;29176.1491007553;billion tkm/yr;9513.45625915791;tkm/yr pCap
SSA;2090;trn_pass;39385.8092996458;billion pkm/yr;12842.5164235953;pkm/yr pCap
SSA;2090;trn_shipping_intl;42136.5543022908;billion tkm/yr;13739.4508398676;tkm/yr pCap
SSA;2100;trn_aviation_intl;6340.52052405594;billion pkm/yr;2005.95930478292;pkm/yr pCap
SSA;2100;trn_freight;30925.6319524122;billion tkm/yr;9783.98523210679;tkm/yr pCap
SSA;2100;trn_pass;43495.7289407195;billion pkm/yr;13760.8043150279;pkm/yr pCap
SSA;2100;trn_shipping_intl;49544.3988343954;billion tkm/yr;15674.4304295946;tkm/yr pCap
SSA;2110;trn_aviation_intl;7018.42424954193;billion pkm/yr;2181.30156706731;pkm/yr pCap
SSA;2110;trn_freight;30792.6584854255;billion tkm/yr;9570.24993363877;tkm/yr pCap
SSA;2110;trn_pass;44740.4096681167;billion pkm/yr;13905.1619352686;pkm/yr pCap
SSA;2110;trn_shipping_intl;54128.6521089784;billion tkm/yr;16822.994659558;tkm/yr pCap
SSA;2130;trn_aviation_intl;7314.80076395534;billion pkm/yr;2222.33222139018;pkm/yr pCap
SSA;2130;trn_freight;29226.4104617702;billion tkm/yr;8879.36606623937;tkm/yr pCap
SSA;2130;trn_pass;44095.1663960219;billion pkm/yr;13396.6887481502;pkm/yr pCap
SSA;2130;trn_shipping_intl;58875.1808448056;billion tkm/yr;17887.0506051672;tkm/yr pCap
SSA;2150;trn_aviation_intl;7563.80703795295;billion pkm/yr;2253.43352703774;pkm/yr pCap
SSA;2150;trn_freight;28091.978524097;billion tkm/yr;8369.25187665238;tkm/yr pCap
SSA;2150;trn_pass;43736.0250853788;billion pkm/yr;13029.976144583;pkm/yr pCap
SSA;2150;trn_shipping_intl;62747.4964775165;billion tkm/yr;18693.9343627657;tkm/yr pCap
UKI;1990;trn_aviation_intl;150.476612844376;billion pkm/yr;2464.56431951965;pkm/yr pCap
UKI;1990;trn_freight;390.525789933551;billion tkm/yr;6396.18283219768;tkm/yr pCap
UKI;1990;trn_pass;1041.82549203962;billion pkm/yr;17063.4219252551;pkm/yr pCap
UKI;1990;trn_shipping_intl;1001.77059295861;billion tkm/yr;16407.3872549432;tkm/yr pCap
UKI;2005;trn_aviation_intl;292.764682698536;billion pkm/yr;4512.38068807689;pkm/yr pCap
UKI;2005;trn_freight;414.497479056618;billion tkm/yr;6388.64771020754;tkm/yr pCap
UKI;2005;trn_pass;1074.12030098686;billion pkm/yr;16555.4111861071;pkm/yr pCap
UKI;2005;trn_shipping_intl;846.70881054232;billion tkm/yr;13050.3189452326;tkm/yr pCap
UKI;2010;trn_aviation_intl;276.062691527521;billion pkm/yr;4080.18693014768;pkm/yr pCap
UKI;2010;trn_freight;333.323514910671;billion tkm/yr;4926.49782382428;tkm/yr pCap
UKI;2010;trn_pass;1021.78007596776;billion pkm/yr;15101.8367906962;pkm/yr pCap
UKI;2010;trn_shipping_intl;1155.15562763183;billion tkm/yr;17073.1179503843;tkm/yr pCap
UKI;2015;trn_aviation_intl;296.115807304444;billion pkm/yr;4220.69260055365;pkm/yr pCap
UKI;2015;trn_freight;341.869903425824;billion tkm/yr;4872.84952761018;tkm/yr pCap
UKI;2015;trn_pass;1076.15036515501;billion pkm/yr;15338.9308211534;pkm/yr pCap
UKI;2015;trn_shipping_intl;1172.0243332774;billion tkm/yr;16705.4723493599;tkm/yr pCap
UKI;2020;trn_aviation_intl;270.793220893853;billion pkm/yr;3739.34547628058;pkm/yr pCap
UKI;2020;trn_freight;302.375370518084;billion tkm/yr;4175.45893561594;tkm/yr pCap
UKI;2020;trn_pass;962.443531298709;billion pkm/yr;13290.2472708061;pkm/yr pCap
UKI;2020;trn_shipping_intl;1028.49952380874;billion tkm/yr;14202.4051747532;tkm/yr pCap
UKI;2025;trn_aviation_intl;281.532952060064;billion pkm/yr;3847.65043813694;pkm/yr pCap
UKI;2025;trn_freight;318.024869162465;billion tkm/yr;4346.37763791977;tkm/yr pCap
UKI;2025;trn_pass;993.6365540437;billion pkm/yr;13579.8175472528;pkm/yr pCap
UKI;2025;trn_shipping_intl;1046.28257014149;billion tkm/yr;14299.3193512959;tkm/yr pCap
UKI;2030;trn_aviation_intl;294.937626691299;billion pkm/yr;3974.4604559354;pkm/yr pCap
UKI;2030;trn_freight;340.978443333207;billion tkm/yr;4594.88792446509;tkm/yr pCap
UKI;2030;trn_pass;1033.55304270206;billion pkm/yr;13927.7437857414;pkm/yr pCap
UKI;2030;trn_shipping_intl;1065.84000340966;billion tkm/yr;14362.8298411025;tkm/yr pCap
UKI;2035;trn_aviation_intl;309.451406458506;billion pkm/yr;4112.24553471636;pkm/yr pCap
UKI;2035;trn_freight;367.199374213425;billion tkm/yr;4879.64816266646;tkm/yr pCap
UKI;2035;trn_pass;1078.02325633907;billion pkm/yr;14325.662219264;pkm/yr pCap
UKI;2035;trn_shipping_intl;1087.91715928602;billion tkm/yr;14457.1405624395;tkm/yr pCap
UKI;2040;trn_aviation_intl;324.927105334132;billion pkm/yr;4254.0210891125;pkm/yr pCap
UKI;2040;trn_freight;396.134996097004;billion tkm/yr;5186.29132463187;tkm/yr pCap
UKI;2040;trn_pass;1127.41512488259;billion pkm/yr;14760.3805244349;pkm/yr pCap
UKI;2040;trn_shipping_intl;1111.97835193201;billion tkm/yr;14558.2787095923;tkm/yr pCap
UKI;2045;trn_aviation_intl;341.208040555399;billion pkm/yr;4395.19649656555;pkm/yr pCap
UKI;2045;trn_freight;427.362011441264;billion tkm/yr;5504.96996610747;tkm/yr pCap
UKI;2045;trn_pass;1181.81233697096;billion pkm/yr;15223.2562708597;pkm/yr pCap
UKI;2045;trn_shipping_intl;1137.64878503967;billion tkm/yr;14654.3731683151;tkm/yr pCap
UKI;2050;trn_aviation_intl;357.335005038276;billion pkm/yr;4524.53755606861;pkm/yr pCap
UKI;2050;trn_freight;458.664819588794;billion tkm/yr;5807.56481345744;tkm/yr pCap
UKI;2050;trn_pass;1238.36823270347;billion pkm/yr;15680.0859084852;pkm/yr pCap
UKI;2050;trn_shipping_intl;1163.17387316467;billion tkm/yr;14727.9829828248;tkm/yr pCap
UKI;2055;trn_aviation_intl;371.729150440971;billion pkm/yr;4642.28284183318;pkm/yr pCap
UKI;2055;trn_freight;489.280835117131;billion tkm/yr;6110.30914042549;tkm/yr pCap
UKI;2055;trn_pass;1290.53211536586;billion pkm/yr;16116.6136389644;pkm/yr pCap
UKI;2055;trn_shipping_intl;1187.48329215622;billion tkm/yr;14829.7041154855;tkm/yr pCap
UKI;2060;trn_aviation_intl;384.642487048664;billion pkm/yr;4749.71513904697;pkm/yr pCap
UKI;2060;trn_freight;519.465231013349;billion tkm/yr;6414.55885667794;tkm/yr pCap
UKI;2060;trn_pass;1339.24622999315;billion pkm/yr;16537.5337038762;pkm/yr pCap
UKI;2060;trn_shipping_intl;1210.90582197257;billion tkm/yr;14952.7363935112;tkm/yr pCap
UKI;2070;trn_aviation_intl;405.980076381345;billion pkm/yr;4917.99579916528;pkm/yr pCap
UKI;2070;trn_freight;575.718957994088;billion tkm/yr;6974.19302482017;tkm/yr pCap
UKI;2070;trn_pass;1427.15253468909;billion pkm/yr;17288.3611258209;pkm/yr pCap
UKI;2070;trn_shipping_intl;1253.76737192266;billion tkm/yr;15187.9932710153;tkm/yr pCap
UKI;2080;trn_aviation_intl;422.393803864436;billion pkm/yr;5030.01097506049;pkm/yr pCap
UKI;2080;trn_freight;622.610119771748;billion tkm/yr;7414.25586025103;tkm/yr pCap
UKI;2080;trn_pass;1501.05086531962;billion pkm/yr;17875.0309725304;pkm/yr pCap
UKI;2080;trn_shipping_intl;1288.71301603303;billion tkm/yr;15346.4386907291;tkm/yr pCap
UKI;2090;trn_aviation_intl;431.742628343348;billion pkm/yr;5102.71601342015;pkm/yr pCap
UKI;2090;trn_freight;660.604539100853;billion tkm/yr;7807.60837340164;tkm/yr pCap
UKI;2090;trn_pass;1552.68685020366;billion pkm/yr;18351.0256672183;pkm/yr pCap
UKI;2090;trn_shipping_intl;1316.82525789946;billion tkm/yr;15563.4048834669;tkm/yr pCap
UKI;2100;trn_aviation_intl;435.190459544917;billion pkm/yr;5144.64550942694;pkm/yr pCap
UKI;2100;trn_freight;690.421842521921;billion tkm/yr;8161.88763755302;tkm/yr pCap
UKI;2100;trn_pass;1584.65945582366;billion pkm/yr;18733.2028415773;pkm/yr pCap
UKI;2100;trn_shipping_intl;1338.99381257724;billion tkm/yr;15829.0430176927;tkm/yr pCap
UKI;2110;trn_aviation_intl;437.000115404116;billion pkm/yr;5171.76205720334;pkm/yr pCap
UKI;2110;trn_freight;710.183117401868;billion tkm/yr;8404.79892516471;tkm/yr pCap
UKI;2110;trn_pass;1604.19160365036;billion pkm/yr;18985.1145933244;pkm/yr pCap
UKI;2110;trn_shipping_intl;1353.37418614842;billion tkm/yr;16016.7675439816;tkm/yr pCap
UKI;2130;trn_aviation_intl;439.206631081634;billion pkm/yr;5205.3982915748;pkm/yr pCap
UKI;2130;trn_freight;735.283119821806;billion tkm/yr;8714.4437831423;tkm/yr pCap
UKI;2130;trn_pass;1628.47448085402;billion pkm/yr;19300.3877460473;pkm/yr pCap
UKI;2130;trn_shipping_intl;1371.30031022873;billion tkm/yr;16252.4055579978;tkm/yr pCap
UKI;2150;trn_aviation_intl;441.017525516527;billion pkm/yr;5233.52508884598;pkm/yr pCap
UKI;2150;trn_freight;756.779456181023;billion tkm/yr;8980.65052178563;tkm/yr pCap
UKI;2150;trn_pass;1648.81848192718;billion pkm/yr;19566.4171894581;pkm/yr pCap
UKI;2150;trn_shipping_intl;1386.36476150518;billion tkm/yr;16451.8966749257;tkm/yr pCap
USA;1990;trn_aviation_intl;358.598687641503;billion pkm/yr;1436.56108468171;pkm/yr pCap
USA;1990;trn_freight;3611.87972877854;billion tkm/yr;14469.3386778403;tkm/yr pCap
USA;1990;trn_pass;6180.71520478373;billion pkm/yr;24760.1991995278;pkm/yr pCap
USA;1990;trn_shipping_intl;12203.1735427632;billion tkm/yr;48886.4148846988;tkm/yr pCap
USA;2005;trn_aviation_intl;396.272112313346;billion pkm/yr;1340.9470522275;pkm/yr pCap
USA;2005;trn_freight;4699.8685671015;billion tkm/yr;15903.9072018472;tkm/yr pCap
USA;2005;trn_pass;8128.35983491738;billion pkm/yr;27505.5948208086;pkm/yr pCap
USA;2005;trn_shipping_intl;12098.0950682486;billion tkm/yr;40938.8004233515;tkm/yr pCap
USA;2010;trn_aviation_intl;357.3438229764;billion pkm/yr;1155.22944255946;pkm/yr pCap
USA;2010;trn_freight;4440.80382184168;billion tkm/yr;14356.334134705;tkm/yr pCap
USA;2010;trn_pass;7915.79186877868;billion pkm/yr;25590.3565138436;pkm/yr pCap
USA;2010;trn_shipping_intl;12903.186441756;billion tkm/yr;41713.7219728434;tkm/yr pCap
USA;2015;trn_aviation_intl;380.938411579064;billion pkm/yr;1187.6897374663;pkm/yr pCap
USA;2015;trn_freight;4516.40508004889;billion tkm/yr;14081.2472587879;tkm/yr pCap
USA;2015;trn_pass;8380.19578753268;billion pkm/yr;26127.7734990111;pkm/yr pCap
USA;2015;trn_shipping_intl;13040.0433310121;billion tkm/yr;40656.2456544093;tkm/yr pCap
USA;2020;trn_aviation_intl;386.901053500678;billion pkm/yr;1167.08180408733;pkm/yr pCap
USA;2020;trn_freight;4538.44144485534;billion tkm/yr;13690.1473420185;tkm/yr pCap
USA;2020;trn_pass;8642.25412716111;billion pkm/yr;26069.2428900059;pkm/yr pCap
USA;2020;trn_shipping_intl;12376.40445216;billion tkm/yr;37333.2569282239;tkm/yr pCap
USA;2025;trn_aviation_intl;435.555380519076;billion pkm/yr;1287.13760740093;pkm/yr pCap
USA;2025;trn_freight;4777.23284025065;billion tkm/yr;14117.5068040012;tkm/yr pCap
USA;2025;trn_pass;9131.31667715063;billion pkm/yr;26984.5388805458;pkm/yr pCap
USA;2025;trn_shipping_intl;12673.9271271124;billion tkm/yr;37453.5339669642;tkm/yr pCap
USA;2030;trn_aviation_intl;492.495807547938;billion pkm/yr;1422.19495266998;pkm/yr pCap
USA;2030;trn_freight;5038.59092803853;billion tkm/yr;14550.0905319436;tkm/yr pCap
USA;2030;trn_pass;9591.63846172314;billion pkm/yr;27698.0628038548;pkm/yr pCap
USA;2030;trn_shipping_intl;12932.3265807751;billion tkm/yr;37345.0683388163;tkm/yr pCap
USA;2035;trn_aviation_intl;537.314086276019;billion pkm/yr;1518.83745035793;pkm/yr pCap
USA;2035;trn_freight;5251.47126633216;billion tkm/yr;14844.448400868;tkm/yr pCap
USA;2035;trn_pass;9967.70048172935;billion pkm/yr;28175.9164188826;pkm/yr pCap
USA;2035;trn_shipping_intl;13136.6729747813;billion tkm/yr;37133.7201030558;tkm/yr pCap
USA;2040;trn_aviation_intl;574.909996103033;billion pkm/yr;1593.40553470851;pkm/yr pCap
USA;2040;trn_freight;5438.69603703904;billion tkm/yr;15073.7479357763;tkm/yr pCap
USA;2040;trn_pass;10292.3384454752;billion pkm/yr;28525.9765098505;pkm/yr pCap
USA;2040;trn_shipping_intl;13312.1525600235;billion tkm/yr;36895.6144645364;tkm/yr pCap
USA;2045;trn_aviation_intl;608.3183354639;billion pkm/yr;1656.31497654857;pkm/yr pCap
USA;2045;trn_freight;5615.40308291773;billion tkm/yr;15289.4885512548;tkm/yr pCap
USA;2045;trn_pass;10580.1753930878;billion pkm/yr;28807.4548085389;pkm/yr pCap
USA;2045;trn_shipping_intl;13474.3397237277;billion tkm/yr;36687.617950056;tkm/yr pCap
USA;2050;trn_aviation_intl;638.146357675657;billion pkm/yr;1709.27845346778;pkm/yr pCap
USA;2050;trn_freight;5785.71771774294;billion tkm/yr;15497.076045071;tkm/yr pCap
USA;2050;trn_pass;10839.3178064235;billion pkm/yr;29033.171080522;pkm/yr pCap
USA;2050;trn_shipping_intl;13627.6630543183;billion tkm/yr;36501.7688335758;tkm/yr pCap
USA;2055;trn_aviation_intl;666.384358696239;billion pkm/yr;1760.37728674164;pkm/yr pCap
USA;2055;trn_freight;5951.53268981211;billion tkm/yr;15722.0721520887;tkm/yr pCap
USA;2055;trn_pass;11073.0898549695;billion pkm/yr;29251.610756403;pkm/yr pCap
USA;2055;trn_shipping_intl;13769.4694936838;billion tkm/yr;36374.5952779963;tkm/yr pCap
USA;2060;trn_aviation_intl;693.489233480121;billion pkm/yr;1807.99186050998;pkm/yr pCap
USA;2060;trn_freight;6115.07109055309;billion tkm/yr;15942.5672734353;tkm/yr pCap
USA;2060;trn_pass;11298.9112624052;billion pkm/yr;29457.3276827068;pkm/yr pCap
USA;2060;trn_shipping_intl;13902.0824870092;billion tkm/yr;36244.0406673905;tkm/yr pCap
USA;2070;trn_aviation_intl;741.276151152769;billion pkm/yr;1885.60021717724;pkm/yr pCap
USA;2070;trn_freight;6425.55802466918;billion tkm/yr;16344.8312588491;tkm/yr pCap
USA;2070;trn_pass;11719.3385639418;billion pkm/yr;29810.735590208;pkm/yr pCap
USA;2070;trn_shipping_intl;14128.7732248012;billion tkm/yr;35939.6667756044;tkm/yr pCap
USA;2080;trn_aviation_intl;778.225757025912;billion pkm/yr;1944.04838694296;pkm/yr pCap
USA;2080;trn_freight;6699.48910885723;billion tkm/yr;16735.6719792843;tkm/yr pCap
USA;2080;trn_pass;12049.0848695417;billion pkm/yr;30099.2402182745;pkm/yr pCap
USA;2080;trn_shipping_intl;14305.2819908216;billion tkm/yr;35735.3378861438;tkm/yr pCap
USA;2090;trn_aviation_intl;800.757207507736;billion pkm/yr;1988.60261997874;pkm/yr pCap
USA;2090;trn_freight;6939.83211185572;billion tkm/yr;17234.3978804781;tkm/yr pCap
USA;2090;trn_pass;12222.1169921719;billion pkm/yr;30352.4384725378;pkm/yr pCap
USA;2090;trn_shipping_intl;14439.9012817723;billion tkm/yr;35860.0899897479;tkm/yr pCap
USA;2100;trn_aviation_intl;809.841484173393;billion pkm/yr;2016.82928151662;pkm/yr pCap
USA;2100;trn_freight;7151.7638613203;billion tkm/yr;17810.7531558792;tkm/yr pCap
USA;2100;trn_pass;12272.6281480611;billion pkm/yr;30563.753887514;pkm/yr pCap
USA;2100;trn_shipping_intl;14540.7205408971;billion tkm/yr;36212.2113207929;tkm/yr pCap
USA;2110;trn_aviation_intl;815.0724359782;billion pkm/yr;2036.46359742924;pkm/yr pCap
USA;2110;trn_freight;7297.43494023893;billion tkm/yr;18232.6870035417;tkm/yr pCap
USA;2110;trn_pass;12291.308330842;billion pkm/yr;30709.9110160657;pkm/yr pCap
USA;2110;trn_shipping_intl;14608.6960005417;billion tkm/yr;36499.9186548482;tkm/yr pCap
USA;2130;trn_aviation_intl;821.388700669395;billion pkm/yr;2060.99557739991;pkm/yr pCap
USA;2130;trn_freight;7480.86967541757;billion tkm/yr;18770.6980916291;tkm/yr pCap
USA;2130;trn_pass;12311.5121474053;billion pkm/yr;30891.5523992829;pkm/yr pCap
USA;2130;trn_shipping_intl;14692.8264912698;billion tkm/yr;36866.6508235782;tkm/yr pCap
USA;2150;trn_aviation_intl;826.511488032002;billion pkm/yr;2081.65925514673;pkm/yr pCap
USA;2150;trn_freight;7636.55190963538;billion tkm/yr;19233.4882095255;tkm/yr pCap
USA;2150;trn_pass;12325.741928649;billion pkm/yr;31043.7242964599;pkm/yr pCap
USA;2150;trn_shipping_intl;14762.9940722406;billion tkm/yr;37182.2094298175;tkm/yr pCap
